web-scraper-order,web-scraper-start-url,Name,Price,Rating,Reviews,Product Link,Product Link-href,Image-src
"1756102565-1","https://www.croma.com/phones-wearables/mobile-phones/iphones/c/97","Apple iPhone 16 (128GB, Teal)","₹74,490","4.1","17","Apple iPhone 16 (128GB, Teal)","https://www.croma.com/apple-iphone-16-128gb-teal-/p/309695","https://media-ik.croma.com/prod/https://media.tatacroma.com/Croma%20Assets/Communication/Mobiles/Images/309695_0_peotee.png?tr=w-400"
"1756102565-2","https://www.croma.com/phones-wearables/mobile-phones/iphones/c/97","Apple iPhone 15 (128GB, Blue)","₹64,490","3.4","73","Apple iPhone 15 (128GB, Blue)","https://www.croma.com/apple-iphone-15-128gb-blue-/p/300684","https://media-ik.croma.com/prod/https://media.tatacroma.com/Croma%20Assets/Communication/Mobiles/Images/300684_0_scqozo.png?tr=w-400"
"1756102565-3","https://www.croma.com/phones-wearables/mobile-phones/iphones/c/97","Apple iPhone 14 (256GB, Purple)","₹49,994","4.3","23","Apple iPhone 14 (256GB, Purple)","https://www.croma.com/apple-iphone-14-256gb-purple-/p/261937","https://media-ik.croma.com/prod/https://media.tatacroma.com/Croma%20Assets/Communication/Mobiles/Images/261937_0_qjy0h6.png?tr=w-400"
"1756102565-4","https://www.croma.com/phones-wearables/mobile-phones/iphones/c/97","Apple iPhone 15 (128GB, Black)","₹64,490","3.4","75","Apple iPhone 15 (128GB, Black)","https://www.croma.com/apple-iphone-15-128gb-black-/p/300652","https://media-ik.croma.com/prod/https://media.tatacroma.com/Croma%20Assets/Communication/Mobiles/Images/300652_0_mwimne.png?tr=w-400"
"1756102565-5","https://www.croma.com/phones-wearables/mobile-phones/iphones/c/97","Apple iPhone 13 (128GB, Starlight White)","₹45,990","4.6","548","Apple iPhone 13 (128GB, Starlight White)","https://www.croma.com/apple-iphone-13-128gb-starlight-white-/p/243460","https://media.tatacroma.com/Croma%20Assets/UI%20Assets/lazyLoading.gif"
"1756102565-6","https://www.croma.com/phones-wearables/mobile-phones/iphones/c/97","Apple iPhone 15 (128GB, Pink)","₹64,490","3.2","16","Apple iPhone 15 (128GB, Pink)","https://www.croma.com/apple-iphone-15-128gb-pink-/p/300679","https://media.tatacroma.com/Croma%20Assets/UI%20Assets/lazyLoading.gif"
"1756102565-7","https://www.croma.com/phones-wearables/mobile-phones/iphones/c/97","Apple iPhone 16 (128GB, Black)","₹74,490","3.8","20","Apple iPhone 16 (128GB, Black)","https://www.croma.com/apple-iphone-16-128gb-black-/p/309621","https://media.tatacroma.com/Croma%20Assets/UI%20Assets/lazyLoading.gif"
"1756102565-8","https://www.croma.com/phones-wearables/mobile-phones/iphones/c/97","Apple iPhone 14 (256GB, Starlight)","₹49,994","4.6","16","Apple iPhone 14 (256GB, Starlight)","https://www.croma.com/apple-iphone-14-256gb-starlight-/p/261936","https://media.tatacroma.com/Croma%20Assets/UI%20Assets/lazyLoading.gif"
"1756102565-9","https://www.croma.com/phones-wearables/mobile-phones/iphones/c/97","Apple iPhone 15 (256GB, Blue)","₹73,990","3.3","10","Apple iPhone 15 (256GB, Blue)","https://www.croma.com/apple-iphone-15-256gb-blue-/p/300738","https://media.tatacroma.com/Croma%20Assets/UI%20Assets/lazyLoading.gif"
"1756102565-10","https://www.croma.com/phones-wearables/mobile-phones/iphones/c/97","Apple iPhone 16 (128GB, White)","₹74,490","4.3","12","Apple iPhone 16 (128GB, White)","https://www.croma.com/apple-iphone-16-128gb-white-/p/309692","https://media.tatacroma.com/Croma%20Assets/UI%20Assets/lazyLoading.gif"
"1756102565-11","https://www.croma.com/phones-wearables/mobile-phones/iphones/c/97","Apple iPhone 14 (256GB, Midnight)","₹49,994","4.9","28","Apple iPhone 14 (256GB, Midnight)","https://www.croma.com/apple-iphone-14-256gb-midnight-/p/261935","https://media.tatacroma.com/Croma%20Assets/UI%20Assets/lazyLoading.gif"
"1756102565-12","https://www.croma.com/phones-wearables/mobile-phones/iphones/c/97","Apple iPhone 13 (128GB, Midnight)","₹45,990","4.6","381","Apple iPhone 13 (128GB, Midnight)","https://www.croma.com/apple-iphone-13-128gb-midnight-/p/243459","https://media.tatacroma.com/Croma%20Assets/UI%20Assets/lazyLoading.gif"
"1756102565-13","https://www.croma.com/phones-wearables/mobile-phones/iphones/c/97","Apple iPhone 15 (256GB, Black)","₹73,990","4.3","14","Apple iPhone 15 (256GB, Black)","https://www.croma.com/apple-iphone-15-256gb-black-/p/300700","https://media.tatacroma.com/Croma%20Assets/UI%20Assets/lazyLoading.gif"
"1756102565-14","https://www.croma.com/phones-wearables/mobile-phones/iphones/c/97","Apple iPhone 16e (128GB, Black)","₹54,900","4.2","5","Apple iPhone 16e (128GB, Black)","https://www.croma.com/apple-iphone-16e-128gb-black-/p/310298","https://media.tatacroma.com/Croma%20Assets/UI%20Assets/lazyLoading.gif"
"1756102565-15","https://www.croma.com/phones-wearables/mobile-phones/iphones/c/97","Apple iPhone 16e (256GB, Black)","₹64,900","5","1","Apple iPhone 16e (256GB, Black)","https://www.croma.com/apple-iphone-16e-256gb-black-/p/310301","https://media.tatacroma.com/Croma%20Assets/UI%20Assets/lazyLoading.gif"
"1756102565-16","https://www.croma.com/phones-wearables/mobile-phones/iphones/c/97","Apple iPhone 16 Pro (256GB, Desert Titanium)","₹1,22,900","4.2","5","Apple iPhone 16 Pro (256GB, Desert Titanium)","https://www.croma.com/apple-iphone-16-pro-256gb-desert-titanium-/p/309731","https://media.tatacroma.com/Croma%20Assets/UI%20Assets/lazyLoading.gif"
"1756102565-17","https://www.croma.com/phones-wearables/mobile-phones/iphones/c/97","Apple iPhone 14 (128GB, Midnight)","₹53,990","4.6","135","Apple iPhone 14 (128GB, Midnight)","https://www.croma.com/apple-iphone-14-128gb-midnight-/p/261930","https://media.tatacroma.com/Croma%20Assets/UI%20Assets/lazyLoading.gif"
"1756102565-18","https://www.croma.com/phones-wearables/mobile-phones/iphones/c/97","Apple iPhone 16 (128GB, Ultramarine)","₹74,490","4.1","21","Apple iPhone 16 (128GB, Ultramarine)","https://www.croma.com/apple-iphone-16-128gb-ultramarine-/p/309694","https://media.tatacroma.com/Croma%20Assets/UI%20Assets/lazyLoading.gif"
"1756102565-19","https://www.croma.com/phones-wearables/mobile-phones/iphones/c/97","Apple iPhone 16 (256GB, Black)","₹84,900","3.7","3","Apple iPhone 16 (256GB, Black)","https://www.croma.com/apple-iphone-16-256gb-black-/p/309696","https://media.tatacroma.com/Croma%20Assets/UI%20Assets/lazyLoading.gif"
"1756102565-20","https://www.croma.com/phones-wearables/mobile-phones/iphones/c/97","Apple iPhone 16 (128GB, Pink)","₹74,490","3","4","Apple iPhone 16 (128GB, Pink)","https://www.croma.com/apple-iphone-16-128gb-pink-/p/309693","https://media.tatacroma.com/Croma%20Assets/UI%20Assets/lazyLoading.gif"
"1756102565-21","https://www.croma.com/phones-wearables/mobile-phones/iphones/c/97","Apple iPhone 16 Pro (128GB, Black Titanium)","₹1,12,900","5","1","Apple iPhone 16 Pro (128GB, Black Titanium)","https://www.croma.com/apple-iphone-16-pro-128gb-black-titanium-/p/309725","https://media.tatacroma.com/Croma%20Assets/UI%20Assets/lazyLoading.gif"
"1756102565-22","https://www.croma.com/phones-wearables/mobile-phones/iphones/c/97","Apple iPhone 13 (128GB, Starlight White)","₹45,990","4.6","548","Apple iPhone 13 (128GB, Starlight White)","https://www.croma.com/apple-iphone-13-128gb-starlight-white-/p/243460","https://media-ik.croma.com/prod/https://media.tatacroma.com/Croma%20Assets/Communication/Mobiles/Images/243460_0_nMAL25-yE.png?updatedAt=1755780947980?tr=w-400"
"1756102565-23","https://www.croma.com/phones-wearables/mobile-phones/iphones/c/97","Apple iPhone 15 (128GB, Pink)","₹64,490","3.2","16","Apple iPhone 15 (128GB, Pink)","https://www.croma.com/apple-iphone-15-128gb-pink-/p/300679","https://media-ik.croma.com/prod/https://media.tatacroma.com/Croma%20Assets/Communication/Mobiles/Images/300679_0_jir1bv.png?tr=w-400"
"1756102565-24","https://www.croma.com/phones-wearables/mobile-phones/iphones/c/97","Apple iPhone 16 (128GB, Black)","₹74,490","3.8","20","Apple iPhone 16 (128GB, Black)","https://www.croma.com/apple-iphone-16-128gb-black-/p/309621","https://media-ik.croma.com/prod/https://media.tatacroma.com/Croma%20Assets/Communication/Mobiles/Images/309621_0_zwbuus.png?tr=w-400"
"1756102565-25","https://www.croma.com/phones-wearables/mobile-phones/iphones/c/97","Apple iPhone 14 (256GB, Starlight)","₹49,994","4.6","16","Apple iPhone 14 (256GB, Starlight)","https://www.croma.com/apple-iphone-14-256gb-starlight-/p/261936","https://media-ik.croma.com/prod/https://media.tatacroma.com/Croma%20Assets/Communication/Mobiles/Images/261936_0_sr9i1z.png?tr=w-400"
"1756102565-26","https://www.croma.com/phones-wearables/mobile-phones/iphones/c/97","Apple iPhone 15 (256GB, Blue)","₹73,990","3.3","10","Apple iPhone 15 (256GB, Blue)","https://www.croma.com/apple-iphone-15-256gb-blue-/p/300738","https://media-ik.croma.com/prod/https://media.tatacroma.com/Croma%20Assets/Communication/Mobiles/Images/300738_0_c9hoz7.png?tr=w-400"
"1756102565-27","https://www.croma.com/phones-wearables/mobile-phones/iphones/c/97","Apple iPhone 16 (128GB, White)","₹74,490","4.3","12","Apple iPhone 16 (128GB, White)","https://www.croma.com/apple-iphone-16-128gb-white-/p/309692","https://media-ik.croma.com/prod/https://media.tatacroma.com/Croma%20Assets/Communication/Mobiles/Images/309692_0_ois5su.png?tr=w-400"
"1756102565-28","https://www.croma.com/phones-wearables/mobile-phones/iphones/c/97","Apple iPhone 14 (256GB, Midnight)","₹49,994","4.9","28","Apple iPhone 14 (256GB, Midnight)","https://www.croma.com/apple-iphone-14-256gb-midnight-/p/261935","https://media-ik.croma.com/prod/https://media.tatacroma.com/Croma%20Assets/Communication/Mobiles/Images/261935_0_fn4zjh.png?tr=w-400"
"1756102565-29","https://www.croma.com/phones-wearables/mobile-phones/iphones/c/97","Apple iPhone 13 (128GB, Midnight)","₹45,990","4.6","381","Apple iPhone 13 (128GB, Midnight)","https://www.croma.com/apple-iphone-13-128gb-midnight-/p/243459","https://media-ik.croma.com/prod/https://media.tatacroma.com/Croma%20Assets/Communication/Mobiles/Images/243459_0_YSZCosKOD.png?updatedAt=1755780698235?tr=w-400"
"1756102565-30","https://www.croma.com/phones-wearables/mobile-phones/iphones/c/97","Apple iPhone 15 (256GB, Black)","₹73,990","4.3","14","Apple iPhone 15 (256GB, Black)","https://www.croma.com/apple-iphone-15-256gb-black-/p/300700","https://media-ik.croma.com/prod/https://media.tatacroma.com/Croma%20Assets/Communication/Mobiles/Images/300700_0_m0ffoy.png?tr=w-400"
"1756102565-31","https://www.croma.com/phones-wearables/mobile-phones/iphones/c/97","Apple iPhone 16e (128GB, Black)","₹54,900","4.2","5","Apple iPhone 16e (128GB, Black)","https://www.croma.com/apple-iphone-16e-128gb-black-/p/310298","https://media-ik.croma.com/prod/https://media.tatacroma.com/Croma%20Assets/Communication/Mobiles/Images/310298_0_fvgoac.png?tr=w-400"
"1756102565-32","https://www.croma.com/phones-wearables/mobile-phones/iphones/c/97","Apple iPhone 16e (256GB, Black)","₹64,900","5","1","Apple iPhone 16e (256GB, Black)","https://www.croma.com/apple-iphone-16e-256gb-black-/p/310301","https://media-ik.croma.com/prod/https://media.tatacroma.com/Croma%20Assets/Communication/Mobiles/Images/310301_0_i0irzl.png?tr=w-400"
"1756102565-33","https://www.croma.com/phones-wearables/mobile-phones/iphones/c/97","Apple iPhone 16 Pro (256GB, Desert Titanium)","₹1,22,900","4.2","5","Apple iPhone 16 Pro (256GB, Desert Titanium)","https://www.croma.com/apple-iphone-16-pro-256gb-desert-titanium-/p/309731","https://media-ik.croma.com/prod/https://media.tatacroma.com/Croma%20Assets/Communication/Mobiles/Images/309731_0_yooz4b.png?tr=w-400"
"1756102565-34","https://www.croma.com/phones-wearables/mobile-phones/iphones/c/97","Apple iPhone 14 (128GB, Midnight)","₹53,990","4.6","135","Apple iPhone 14 (128GB, Midnight)","https://www.croma.com/apple-iphone-14-128gb-midnight-/p/261930","https://media-ik.croma.com/prod/https://media.tatacroma.com/Croma%20Assets/Communication/Mobiles/Images/261930_0_ro8xuz.png?tr=w-400"
"1756102565-35","https://www.croma.com/phones-wearables/mobile-phones/iphones/c/97","Apple iPhone 16 (128GB, Ultramarine)","₹74,490","4.1","21","Apple iPhone 16 (128GB, Ultramarine)","https://www.croma.com/apple-iphone-16-128gb-ultramarine-/p/309694","https://media-ik.croma.com/prod/https://media.tatacroma.com/Croma%20Assets/Communication/Mobiles/Images/309694_0_crk9wb.png?tr=w-400"
"1756102565-36","https://www.croma.com/phones-wearables/mobile-phones/iphones/c/97","Apple iPhone 16 (256GB, Black)","₹84,900","3.7","3","Apple iPhone 16 (256GB, Black)","https://www.croma.com/apple-iphone-16-256gb-black-/p/309696","https://media-ik.croma.com/prod/https://media.tatacroma.com/Croma%20Assets/Communication/Mobiles/Images/309696_0_qh6nm4.png?tr=w-400"
"1756102565-37","https://www.croma.com/phones-wearables/mobile-phones/iphones/c/97","Apple iPhone 16 (128GB, Pink)","₹74,490","3","4","Apple iPhone 16 (128GB, Pink)","https://www.croma.com/apple-iphone-16-128gb-pink-/p/309693","https://media-ik.croma.com/prod/https://media.tatacroma.com/Croma%20Assets/Communication/Mobiles/Images/309693_0_ltbvx2.png?tr=w-400"
"1756102565-38","https://www.croma.com/phones-wearables/mobile-phones/iphones/c/97","Apple iPhone 16 Pro (128GB, Black Titanium)","₹1,12,900","5","1","Apple iPhone 16 Pro (128GB, Black Titanium)","https://www.croma.com/apple-iphone-16-pro-128gb-black-titanium-/p/309725","https://media-ik.croma.com/prod/https://media.tatacroma.com/Croma%20Assets/Communication/Mobiles/Images/309725_0_fk5km3.png?tr=w-400"
"1756102565-39","https://www.croma.com/phones-wearables/mobile-phones/iphones/c/97","Apple iPhone 16 Pro (128GB, Desert Titanium)","₹1,12,900","4.4","7","Apple iPhone 16 Pro (128GB, Desert Titanium)","https://www.croma.com/apple-iphone-16-pro-128gb-desert-titanium-/p/309727","https://media-ik.croma.com/prod/https://media.tatacroma.com/Croma%20Assets/Communication/Mobiles/Images/309727_0_eo6w3f.png?tr=w-400"
"1756102565-40","https://www.croma.com/phones-wearables/mobile-phones/iphones/c/97","Apple iPhone 16 Pro Max (256GB, Natural Titanium)","₹1,37,900","5","1","Apple iPhone 16 Pro Max (256GB, Natural Titanium)","https://www.croma.com/apple-iphone-16-pro-max-256gb-natural-titanium-/p/309747","https://media-ik.croma.com/prod/https://media.tatacroma.com/Croma%20Assets/Communication/Mobiles/Images/309747_0_aerxf2.png?tr=w-400"
"1756102565-41","https://www.croma.com/phones-wearables/mobile-phones/iphones/c/97","Apple iPhone 16 Pro (256GB, Natural Titanium)","₹1,22,900","","","Apple iPhone 16 Pro (256GB, Natural Titanium)","https://www.croma.com/apple-iphone-16-pro-256gb-natural-titanium-/p/309732","https://media-ik.croma.com/prod/https://media.tatacroma.com/Croma%20Assets/Communication/Mobiles/Images/309732_0_icng3x.png?tr=w-400"
"1756102565-42","https://www.croma.com/phones-wearables/mobile-phones/iphones/c/97","Apple iPhone 16 Pro (256GB, Black Titanium)","₹1,22,900","4.8","5","Apple iPhone 16 Pro (256GB, Black Titanium)","https://www.croma.com/apple-iphone-16-pro-256gb-black-titanium-/p/309729","https://media.tatacroma.com/Croma%20Assets/UI%20Assets/lazyLoading.gif"
"1756102565-43","https://www.croma.com/phones-wearables/mobile-phones/iphones/c/97","Apple iPhone 16 Pro (256GB, White Titanium)","₹1,22,900","","","Apple iPhone 16 Pro (256GB, White Titanium)","https://www.croma.com/apple-iphone-16-pro-256gb-white-titanium-/p/309730","https://media.tatacroma.com/Croma%20Assets/UI%20Assets/lazyLoading.gif"
"1756102565-44","https://www.croma.com/phones-wearables/mobile-phones/iphones/c/97","Apple iPhone 16 Plus (128GB, Teal)","₹84,900","2.3","3","Apple iPhone 16 Plus (128GB, Teal)","https://www.croma.com/apple-iphone-16-plus-128gb-teal-/p/309711","https://media.tatacroma.com/Croma%20Assets/UI%20Assets/lazyLoading.gif"
"1756102565-45","https://www.croma.com/phones-wearables/mobile-phones/iphones/c/97","Apple iPhone 15 Plus (128GB, Black)","₹74,900","3.5","20","Apple iPhone 15 Plus (128GB, Black)","https://www.croma.com/apple-iphone-15-plus-128gb-black-/p/300770","https://media.tatacroma.com/Croma%20Assets/UI%20Assets/lazyLoading.gif"
"1756102565-46","https://www.croma.com/phones-wearables/mobile-phones/iphones/c/97","Apple iPhone 16 Plus (128GB, Black)","₹84,900","1","1","Apple iPhone 16 Plus (128GB, Black)","https://www.croma.com/apple-iphone-16-plus-128gb-black-/p/309707","https://media.tatacroma.com/Croma%20Assets/UI%20Assets/lazyLoading.gif"
"1756102565-47","https://www.croma.com/phones-wearables/mobile-phones/iphones/c/97","Apple iPhone 16 Pro Max (256GB, Desert Titanium)","₹1,37,900","5","4","Apple iPhone 16 Pro Max (256GB, Desert Titanium)","https://www.croma.com/apple-iphone-16-pro-max-256gb-desert-titanium-/p/309746","https://media.tatacroma.com/Croma%20Assets/UI%20Assets/lazyLoading.gif"
"1756102565-48","https://www.croma.com/phones-wearables/mobile-phones/iphones/c/97","Apple iPhone 16 (256GB, Pink)","₹84,900","","","Apple iPhone 16 (256GB, Pink)","https://www.croma.com/apple-iphone-16-256gb-pink-/p/309699","https://media.tatacroma.com/Croma%20Assets/UI%20Assets/lazyLoading.gif"
"1756102565-49","https://www.croma.com/phones-wearables/mobile-phones/iphones/c/97","Apple iPhone 16 Plus (128GB, White)","₹84,900","","","Apple iPhone 16 Plus (128GB, White)","https://www.croma.com/apple-iphone-16-plus-128gb-white-/p/309708","https://media.tatacroma.com/Croma%20Assets/UI%20Assets/lazyLoading.gif"
"1756102565-50","https://www.croma.com/phones-wearables/mobile-phones/iphones/c/97","Apple iPhone 15 Plus (128GB, Green)","₹74,900","4.1","8","Apple iPhone 15 Plus (128GB, Green)","https://www.croma.com/apple-iphone-15-plus-128gb-green-/p/300774","https://media.tatacroma.com/Croma%20Assets/UI%20Assets/lazyLoading.gif"
"1756102565-51","https://www.croma.com/phones-wearables/mobile-phones/iphones/c/97","Apple iPhone 16 Plus (128GB, Ultramarine)","₹84,900","3","2","Apple iPhone 16 Plus (128GB, Ultramarine)","https://www.croma.com/apple-iphone-16-plus-128gb-ultramarine-/p/309710","https://media.tatacroma.com/Croma%20Assets/UI%20Assets/lazyLoading.gif"
"1756102565-52","https://www.croma.com/phones-wearables/mobile-phones/iphones/c/97","Apple iPhone 16 Pro Max (256GB, White Titanium)","₹1,37,900","5","1","Apple iPhone 16 Pro Max (256GB, White Titanium)","https://www.croma.com/apple-iphone-16-pro-max-256gb-white-titanium-/p/309744","https://media.tatacroma.com/Croma%20Assets/UI%20Assets/lazyLoading.gif"
"1756102565-53","https://www.croma.com/phones-wearables/mobile-phones/iphones/c/97","Apple iPhone 15 Plus (128GB, Yellow)","₹74,900","2.4","5","Apple iPhone 15 Plus (128GB, Yellow)","https://www.croma.com/apple-iphone-15-plus-128gb-yellow-/p/300773","https://media.tatacroma.com/Croma%20Assets/UI%20Assets/lazyLoading.gif"
"1756102565-54","https://www.croma.com/phones-wearables/mobile-phones/iphones/c/97","Apple iPhone 16 Pro (1TB, Black Titanium)","₹1,62,900","","","Apple iPhone 16 Pro (1TB, Black Titanium)","https://www.croma.com/apple-iphone-16-pro-1tb-black-titanium-/p/309737","https://media.tatacroma.com/Croma%20Assets/UI%20Assets/lazyLoading.gif"
"1756102565-55","https://www.croma.com/phones-wearables/mobile-phones/iphones/c/97","Apple iPhone 16 (512GB, Ultramarine)","₹1,03,990","","","Apple iPhone 16 (512GB, Ultramarine)","https://www.croma.com/apple-iphone-16-512gb-ultramarine-/p/309705","https://media.tatacroma.com/Croma%20Assets/UI%20Assets/lazyLoading.gif"
"1756102565-56","https://www.croma.com/phones-wearables/mobile-phones/iphones/c/97","Apple iPhone 16 (512GB, Pink)","₹1,03,990","","","Apple iPhone 16 (512GB, Pink)","https://www.croma.com/apple-iphone-16-512gb-pink-/p/309704","https://media.tatacroma.com/Croma%20Assets/UI%20Assets/lazyLoading.gif"
"1756102565-57","https://www.croma.com/phones-wearables/mobile-phones/iphones/c/97","Apple iPhone 14 (256GB, Purple)","₹49,994","4.3","23","Apple iPhone 14 (256GB, Purple)","https://www.croma.com/apple-iphone-14-256gb-purple-/p/261937","https://media.tatacroma.com/Croma%20Assets/UI%20Assets/lazyLoading.gif"
"1756102565-58","https://www.croma.com/phones-wearables/mobile-phones/iphones/c/97","Apple iPhone 15 (128GB, Black)","₹64,490","3.4","75","Apple iPhone 15 (128GB, Black)","https://www.croma.com/apple-iphone-15-128gb-black-/p/300652","https://media.tatacroma.com/Croma%20Assets/UI%20Assets/lazyLoading.gif"
"1756102565-59","https://www.croma.com/phones-wearables/mobile-phones/iphones/c/97","Apple iPhone 16 Pro (256GB, Black Titanium)","₹1,22,900","4.8","5","Apple iPhone 16 Pro (256GB, Black Titanium)","https://www.croma.com/apple-iphone-16-pro-256gb-black-titanium-/p/309729","https://media-ik.croma.com/prod/https://media.tatacroma.com/Croma%20Assets/Communication/Mobiles/Images/309729_0_mnt0xu.png?tr=w-400"
"1756102565-60","https://www.croma.com/phones-wearables/mobile-phones/iphones/c/97","Apple iPhone 16 Pro (256GB, White Titanium)","₹1,22,900","","","Apple iPhone 16 Pro (256GB, White Titanium)","https://www.croma.com/apple-iphone-16-pro-256gb-white-titanium-/p/309730","https://media-ik.croma.com/prod/https://media.tatacroma.com/Croma%20Assets/Communication/Mobiles/Images/309730_0_zf9qar.png?tr=w-400"
"1756102565-61","https://www.croma.com/phones-wearables/mobile-phones/iphones/c/97","Apple iPhone 16 Plus (128GB, Teal)","₹84,900","2.3","3","Apple iPhone 16 Plus (128GB, Teal)","https://www.croma.com/apple-iphone-16-plus-128gb-teal-/p/309711","https://media-ik.croma.com/prod/https://media.tatacroma.com/Croma%20Assets/Communication/Mobiles/Images/309711_0_q8ybuq.png?tr=w-400"
"1756102565-62","https://www.croma.com/phones-wearables/mobile-phones/iphones/c/97","Apple iPhone 15 Plus (128GB, Black)","₹74,900","3.5","20","Apple iPhone 15 Plus (128GB, Black)","https://www.croma.com/apple-iphone-15-plus-128gb-black-/p/300770","https://media-ik.croma.com/prod/https://media.tatacroma.com/Croma%20Assets/Communication/Mobiles/Images/300770_0_eketyw.png?tr=w-400"
"1756102565-63","https://www.croma.com/phones-wearables/mobile-phones/iphones/c/97","Apple iPhone 16 Plus (128GB, Black)","₹84,900","1","1","Apple iPhone 16 Plus (128GB, Black)","https://www.croma.com/apple-iphone-16-plus-128gb-black-/p/309707","https://media-ik.croma.com/prod/https://media.tatacroma.com/Croma%20Assets/Communication/Mobiles/Images/309707_0_zm3dxo.png?tr=w-400"
"1756102565-64","https://www.croma.com/phones-wearables/mobile-phones/iphones/c/97","Apple iPhone 16 Pro Max (256GB, Desert Titanium)","₹1,37,900","5","4","Apple iPhone 16 Pro Max (256GB, Desert Titanium)","https://www.croma.com/apple-iphone-16-pro-max-256gb-desert-titanium-/p/309746","https://media-ik.croma.com/prod/https://media.tatacroma.com/Croma%20Assets/Communication/Mobiles/Images/309746_0_itb0g6.png?tr=w-400"
"1756102565-65","https://www.croma.com/phones-wearables/mobile-phones/iphones/c/97","Apple iPhone 16 (256GB, Pink)","₹84,900","","","Apple iPhone 16 (256GB, Pink)","https://www.croma.com/apple-iphone-16-256gb-pink-/p/309699","https://media-ik.croma.com/prod/https://media.tatacroma.com/Croma%20Assets/Communication/Mobiles/Images/309699_0_dr7vjz.png?tr=w-400"
"1756102565-66","https://www.croma.com/phones-wearables/mobile-phones/iphones/c/97","Apple iPhone 16 Plus (128GB, White)","₹84,900","","","Apple iPhone 16 Plus (128GB, White)","https://www.croma.com/apple-iphone-16-plus-128gb-white-/p/309708","https://media-ik.croma.com/prod/https://media.tatacroma.com/Croma%20Assets/Communication/Mobiles/Images/309708_0_euqey0.png?tr=w-400"
"1756102565-67","https://www.croma.com/phones-wearables/mobile-phones/iphones/c/97","Apple iPhone 15 Plus (128GB, Green)","₹74,900","4.1","8","Apple iPhone 15 Plus (128GB, Green)","https://www.croma.com/apple-iphone-15-plus-128gb-green-/p/300774","https://media-ik.croma.com/prod/https://media.tatacroma.com/Croma%20Assets/Communication/Mobiles/Images/300774_0_oiwhpt.png?tr=w-400"
"1756102565-68","https://www.croma.com/phones-wearables/mobile-phones/iphones/c/97","Apple iPhone 16 Plus (128GB, Ultramarine)","₹84,900","3","2","Apple iPhone 16 Plus (128GB, Ultramarine)","https://www.croma.com/apple-iphone-16-plus-128gb-ultramarine-/p/309710","https://media-ik.croma.com/prod/https://media.tatacroma.com/Croma%20Assets/Communication/Mobiles/Images/309710_0_fttjyv.png?tr=w-400"
"1756102565-69","https://www.croma.com/phones-wearables/mobile-phones/iphones/c/97","Apple iPhone 16 Pro Max (256GB, White Titanium)","₹1,37,900","5","1","Apple iPhone 16 Pro Max (256GB, White Titanium)","https://www.croma.com/apple-iphone-16-pro-max-256gb-white-titanium-/p/309744","https://media-ik.croma.com/prod/https://media.tatacroma.com/Croma%20Assets/Communication/Mobiles/Images/309744_0_ht3s5b.png?tr=w-400"
"1756102565-70","https://www.croma.com/phones-wearables/mobile-phones/iphones/c/97","Apple iPhone 15 Plus (128GB, Yellow)","₹74,900","2.4","5","Apple iPhone 15 Plus (128GB, Yellow)","https://www.croma.com/apple-iphone-15-plus-128gb-yellow-/p/300773","https://media-ik.croma.com/prod/https://media.tatacroma.com/Croma%20Assets/Communication/Mobiles/Images/300773_0_o89yyb.png?tr=w-400"
"1756102565-71","https://www.croma.com/phones-wearables/mobile-phones/iphones/c/97","Apple iPhone 16 Pro (1TB, Black Titanium)","₹1,62,900","","","Apple iPhone 16 Pro (1TB, Black Titanium)","https://www.croma.com/apple-iphone-16-pro-1tb-black-titanium-/p/309737","https://media-ik.croma.com/prod/https://media.tatacroma.com/Croma%20Assets/Communication/Mobiles/Images/309737_0_dddxvs.png?tr=w-400"
"1756102565-72","https://www.croma.com/phones-wearables/mobile-phones/iphones/c/97","Apple iPhone 16 (512GB, Ultramarine)","₹1,03,990","","","Apple iPhone 16 (512GB, Ultramarine)","https://www.croma.com/apple-iphone-16-512gb-ultramarine-/p/309705","https://media-ik.croma.com/prod/https://media.tatacroma.com/Croma%20Assets/Communication/Mobiles/Images/309705_0_kvehlz.png?tr=w-400"
"1756102565-73","https://www.croma.com/phones-wearables/mobile-phones/iphones/c/97","Apple iPhone 16 (512GB, Pink)","₹1,03,990","","","Apple iPhone 16 (512GB, Pink)","https://www.croma.com/apple-iphone-16-512gb-pink-/p/309704","https://media-ik.croma.com/prod/https://media.tatacroma.com/Croma%20Assets/Communication/Mobiles/Images/309704_0_nwsg7b.png?tr=w-400"
"1756102565-74","https://www.croma.com/phones-wearables/mobile-phones/iphones/c/97","Apple iPhone 14 (256GB, Purple)","₹49,994","4.3","23","Apple iPhone 14 (256GB, Purple)","https://www.croma.com/apple-iphone-14-256gb-purple-/p/261937","https://media-ik.croma.com/prod/https://media.tatacroma.com/Croma%20Assets/Communication/Mobiles/Images/261937_0_qjy0h6.png?tr=w-400"
"1756102565-75","https://www.croma.com/phones-wearables/mobile-phones/iphones/c/97","Apple iPhone 15 (128GB, Black)","₹64,490","3.4","75","Apple iPhone 15 (128GB, Black)","https://www.croma.com/apple-iphone-15-128gb-black-/p/300652","https://media-ik.croma.com/prod/https://media.tatacroma.com/Croma%20Assets/Communication/Mobiles/Images/300652_0_mwimne.png?tr=w-400"
"1756102565-76","https://www.croma.com/phones-wearables/mobile-phones/iphones/c/97","Apple iPhone 14 (256GB, Starlight)","₹49,994","4.6","16","Apple iPhone 14 (256GB, Starlight)","https://www.croma.com/apple-iphone-14-256gb-starlight-/p/261936","https://media-ik.croma.com/prod/https://media.tatacroma.com/Croma%20Assets/Communication/Mobiles/Images/261936_0_sr9i1z.png?tr=w-400"
"1756102565-77","https://www.croma.com/phones-wearables/mobile-phones/iphones/c/97","Apple iPhone 14 (256GB, Purple)","₹49,994","4.3","23","Apple iPhone 14 (256GB, Purple)","https://www.croma.com/apple-iphone-14-256gb-purple-/p/261937","https://media-ik.croma.com/prod/https://media.tatacroma.com/Croma%20Assets/Communication/Mobiles/Images/261937_0_qjy0h6.png?tr=w-400"
"1756102565-78","https://www.croma.com/phones-wearables/mobile-phones/iphones/c/97","Apple iPhone 15 (128GB, Black)","₹64,490","3.4","75","Apple iPhone 15 (128GB, Black)","https://www.croma.com/apple-iphone-15-128gb-black-/p/300652","https://media-ik.croma.com/prod/https://media.tatacroma.com/Croma%20Assets/Communication/Mobiles/Images/300652_0_mwimne.png?tr=w-400"
"1756102565-79","https://www.croma.com/phones-wearables/mobile-phones/iphones/c/97","Apple iPhone 14 (256GB, Starlight)","₹49,994","4.6","16","Apple iPhone 14 (256GB, Starlight)","https://www.croma.com/apple-iphone-14-256gb-starlight-/p/261936","https://media-ik.croma.com/prod/https://media.tatacroma.com/Croma%20Assets/Communication/Mobiles/Images/261936_0_sr9i1z.png?tr=w-400"
"1756102565-80","https://www.croma.com/phones-wearables/mobile-phones/iphones/c/97","Apple iPhone 14 (256GB, Purple)","₹49,994","4.3","23","Apple iPhone 14 (256GB, Purple)","https://www.croma.com/apple-iphone-14-256gb-purple-/p/261937","https://media-ik.croma.com/prod/https://media.tatacroma.com/Croma%20Assets/Communication/Mobiles/Images/261937_0_qjy0h6.png?tr=w-400"
"1756102565-81","https://www.croma.com/phones-wearables/mobile-phones/iphones/c/97","Apple iPhone 15 (128GB, Black)","₹64,490","3.4","75","Apple iPhone 15 (128GB, Black)","https://www.croma.com/apple-iphone-15-128gb-black-/p/300652","https://media-ik.croma.com/prod/https://media.tatacroma.com/Croma%20Assets/Communication/Mobiles/Images/300652_0_mwimne.png?tr=w-400"
"1756102565-82","https://www.croma.com/phones-wearables/mobile-phones/iphones/c/97","Apple iPhone 14 (256GB, Starlight)","₹49,994","4.6","16","Apple iPhone 14 (256GB, Starlight)","https://www.croma.com/apple-iphone-14-256gb-starlight-/p/261936","https://media-ik.croma.com/prod/https://media.tatacroma.com/Croma%20Assets/Communication/Mobiles/Images/261936_0_sr9i1z.png?tr=w-400"
"1756102565-83","https://www.croma.com/phones-wearables/mobile-phones/iphones/c/97","Apple iPhone 14 (256GB, Purple)","₹49,994","4.3","23","Apple iPhone 14 (256GB, Purple)","https://www.croma.com/apple-iphone-14-256gb-purple-/p/261937","https://media-ik.croma.com/prod/https://media.tatacroma.com/Croma%20Assets/Communication/Mobiles/Images/261937_0_qjy0h6.png?tr=w-400"
"1756102565-84","https://www.croma.com/phones-wearables/mobile-phones/iphones/c/97","Apple iPhone 15 (128GB, Black)","₹64,490","3.4","75","Apple iPhone 15 (128GB, Black)","https://www.croma.com/apple-iphone-15-128gb-black-/p/300652","https://media-ik.croma.com/prod/https://media.tatacroma.com/Croma%20Assets/Communication/Mobiles/Images/300652_0_mwimne.png?tr=w-400"
"1756102565-85","https://www.croma.com/phones-wearables/mobile-phones/iphones/c/97","Apple iPhone 14 (256GB, Starlight)","₹49,994","4.6","16","Apple iPhone 14 (256GB, Starlight)","https://www.croma.com/apple-iphone-14-256gb-starlight-/p/261936","https://media-ik.croma.com/prod/https://media.tatacroma.com/Croma%20Assets/Communication/Mobiles/Images/261936_0_sr9i1z.png?tr=w-400"
"1756102565-86","https://www.croma.com/phones-wearables/mobile-phones/iphones/c/97","Apple iPhone 14 (256GB, Purple)","₹49,994","4.3","23","Apple iPhone 14 (256GB, Purple)","https://www.croma.com/apple-iphone-14-256gb-purple-/p/261937","https://media-ik.croma.com/prod/https://media.tatacroma.com/Croma%20Assets/Communication/Mobiles/Images/261937_0_qjy0h6.png?tr=w-400"
"1756102565-87","https://www.croma.com/phones-wearables/mobile-phones/iphones/c/97","Apple iPhone 15 (128GB, Black)","₹64,490","3.4","75","Apple iPhone 15 (128GB, Black)","https://www.croma.com/apple-iphone-15-128gb-black-/p/300652","https://media-ik.croma.com/prod/https://media.tatacroma.com/Croma%20Assets/Communication/Mobiles/Images/300652_0_mwimne.png?tr=w-400"
"1756102565-88","https://www.croma.com/phones-wearables/mobile-phones/iphones/c/97","Apple iPhone 14 (256GB, Starlight)","₹49,994","4.6","16","Apple iPhone 14 (256GB, Starlight)","https://www.croma.com/apple-iphone-14-256gb-starlight-/p/261936","https://media-ik.croma.com/prod/https://media.tatacroma.com/Croma%20Assets/Communication/Mobiles/Images/261936_0_sr9i1z.png?tr=w-400"
"1756102565-89","https://www.croma.com/phones-wearables/mobile-phones/iphones/c/97","Apple iPhone 14 (256GB, Purple)","₹49,994","4.3","23","Apple iPhone 14 (256GB, Purple)","https://www.croma.com/apple-iphone-14-256gb-purple-/p/261937","https://media-ik.croma.com/prod/https://media.tatacroma.com/Croma%20Assets/Communication/Mobiles/Images/261937_0_qjy0h6.png?tr=w-400"
"1756102565-90","https://www.croma.com/phones-wearables/mobile-phones/iphones/c/97","Apple iPhone 15 (128GB, Black)","₹64,490","3.4","75","Apple iPhone 15 (128GB, Black)","https://www.croma.com/apple-iphone-15-128gb-black-/p/300652","https://media-ik.croma.com/prod/https://media.tatacroma.com/Croma%20Assets/Communication/Mobiles/Images/300652_0_mwimne.png?tr=w-400"
"1756102565-91","https://www.croma.com/phones-wearables/mobile-phones/iphones/c/97","Apple iPhone 14 (256GB, Starlight)","₹49,994","4.6","16","Apple iPhone 14 (256GB, Starlight)","https://www.croma.com/apple-iphone-14-256gb-starlight-/p/261936","https://media-ik.croma.com/prod/https://media.tatacroma.com/Croma%20Assets/Communication/Mobiles/Images/261936_0_sr9i1z.png?tr=w-400"
"1756102565-92","https://www.croma.com/phones-wearables/mobile-phones/iphones/c/97","Apple iPhone 14 (256GB, Purple)","₹49,994","4.3","23","Apple iPhone 14 (256GB, Purple)","https://www.croma.com/apple-iphone-14-256gb-purple-/p/261937","https://media-ik.croma.com/prod/https://media.tatacroma.com/Croma%20Assets/Communication/Mobiles/Images/261937_0_qjy0h6.png?tr=w-400"
"1756102565-93","https://www.croma.com/phones-wearables/mobile-phones/iphones/c/97","Apple iPhone 15 (128GB, Black)","₹64,490","3.4","75","Apple iPhone 15 (128GB, Black)","https://www.croma.com/apple-iphone-15-128gb-black-/p/300652","https://media-ik.croma.com/prod/https://media.tatacroma.com/Croma%20Assets/Communication/Mobiles/Images/300652_0_mwimne.png?tr=w-400"
"1756102565-94","https://www.croma.com/phones-wearables/mobile-phones/iphones/c/97","Apple iPhone 14 (256GB, Starlight)","₹49,994","4.6","16","Apple iPhone 14 (256GB, Starlight)","https://www.croma.com/apple-iphone-14-256gb-starlight-/p/261936","https://media-ik.croma.com/prod/https://media.tatacroma.com/Croma%20Assets/Communication/Mobiles/Images/261936_0_sr9i1z.png?tr=w-400"
"1756102565-95","https://www.croma.com/phones-wearables/mobile-phones/iphones/c/97","Apple iPhone 14 (128GB, Blue)","₹53,990","4.6","212","Apple iPhone 14 (128GB, Blue)","https://www.croma.com/apple-iphone-14-128gb-blue-/p/261934","https://media.tatacroma.com/Croma%20Assets/UI%20Assets/lazyLoading.gif"
"1756102565-96","https://www.croma.com/phones-wearables/mobile-phones/iphones/c/97","Apple iPhone 15 (128GB, Green)","₹64,490","2.2","14","Apple iPhone 15 (128GB, Green)","https://www.croma.com/apple-iphone-15-128gb-green-/p/300665","https://media.tatacroma.com/Croma%20Assets/UI%20Assets/lazyLoading.gif"
"1756102565-97","https://www.croma.com/phones-wearables/mobile-phones/iphones/c/97","Apple iPhone 15 (256GB, Green)","₹73,990","4","3","Apple iPhone 15 (256GB, Green)","https://www.croma.com/apple-iphone-15-256gb-green-/p/300716","https://media.tatacroma.com/Croma%20Assets/UI%20Assets/lazyLoading.gif"
"1756102565-98","https://www.croma.com/phones-wearables/mobile-phones/iphones/c/97","Apple iPhone 14 (128GB, Purple)","₹53,990","4.7","117","Apple iPhone 14 (128GB, Purple)","https://www.croma.com/apple-iphone-14-128gb-purple-/p/261932","https://media.tatacroma.com/Croma%20Assets/UI%20Assets/lazyLoading.gif"
"1756102565-99","https://www.croma.com/phones-wearables/mobile-phones/iphones/c/97","Apple iPhone 15 (128GB, Yellow)","₹64,490","3.7","3","Apple iPhone 15 (128GB, Yellow)","https://www.croma.com/apple-iphone-15-128gb-yellow-/p/300825","https://media.tatacroma.com/Croma%20Assets/UI%20Assets/lazyLoading.gif"
"1756102565-100","https://www.croma.com/phones-wearables/mobile-phones/iphones/c/97","Apple iPhone 15 (256GB, Pink)","₹73,990","5","2","Apple iPhone 15 (256GB, Pink)","https://www.croma.com/apple-iphone-15-256gb-pink-/p/300722","https://media.tatacroma.com/Croma%20Assets/UI%20Assets/lazyLoading.gif"
"1756102565-101","https://www.croma.com/phones-wearables/mobile-phones/iphones/c/97","Apple iPhone 15 Plus (128GB, Blue)","₹74,900","2.6","10","Apple iPhone 15 Plus (128GB, Blue)","https://www.croma.com/apple-iphone-15-plus-128gb-blue-/p/300776","https://media.tatacroma.com/Croma%20Assets/UI%20Assets/lazyLoading.gif"
"1756102565-102","https://www.croma.com/phones-wearables/mobile-phones/iphones/c/97","Apple iPhone 16e (256GB, White)","₹64,900","5","2","Apple iPhone 16e (256GB, White)","https://www.croma.com/apple-iphone-16e-256gb-white-/p/310302","https://media.tatacroma.com/Croma%20Assets/UI%20Assets/lazyLoading.gif"
"1756102565-103","https://www.croma.com/phones-wearables/mobile-phones/iphones/c/97","Apple iPhone 15 Plus (256GB, Blue)","₹84,900","3","6","Apple iPhone 15 Plus (256GB, Blue)","https://www.croma.com/apple-iphone-15-plus-256gb-blue-/p/300780","https://media.tatacroma.com/Croma%20Assets/UI%20Assets/lazyLoading.gif"
"1756102565-104","https://www.croma.com/phones-wearables/mobile-phones/iphones/c/97","Apple iPhone 15 (256GB, Yellow)","₹73,990","","","Apple iPhone 15 (256GB, Yellow)","https://www.croma.com/apple-iphone-15-256gb-yellow-/p/300827","https://media.tatacroma.com/Croma%20Assets/UI%20Assets/lazyLoading.gif"
"1756102565-105","https://www.croma.com/phones-wearables/mobile-phones/iphones/c/97","Apple iPhone 15 Plus (256GB, Black)","₹84,900","4.8","5","Apple iPhone 15 Plus (256GB, Black)","https://www.croma.com/apple-iphone-15-plus-256gb-black-/p/300777","https://media.tatacroma.com/Croma%20Assets/UI%20Assets/lazyLoading.gif"
"1756102565-106","https://www.croma.com/phones-wearables/mobile-phones/iphones/c/97","Apple iPhone 16 Pro Max (256GB, Black Titanium)","₹1,37,900","5","1","Apple iPhone 16 Pro Max (256GB, Black Titanium)","https://www.croma.com/apple-iphone-16-pro-max-256gb-black-titanium-/p/309742","https://media.tatacroma.com/Croma%20Assets/UI%20Assets/lazyLoading.gif"
"1756102565-107","https://www.croma.com/phones-wearables/mobile-phones/iphones/c/97","Apple iPhone 16 Plus (256GB, Teal)","₹93,990","1","1","Apple iPhone 16 Plus (256GB, Teal)","https://www.croma.com/apple-iphone-16-plus-256gb-teal-/p/309717","https://media.tatacroma.com/Croma%20Assets/UI%20Assets/lazyLoading.gif"
"1756102565-108","https://www.croma.com/phones-wearables/mobile-phones/iphones/c/97","Apple iPhone 16 (256GB, Ultramarine)","₹84,900","","","Apple iPhone 16 (256GB, Ultramarine)","https://www.croma.com/apple-iphone-16-256gb-ultramarine-/p/309700","https://media.tatacroma.com/Croma%20Assets/UI%20Assets/lazyLoading.gif"
"1756102565-109","https://www.croma.com/phones-wearables/mobile-phones/iphones/c/97","Apple iPhone 14 (128GB, Yellow)","₹53,990","4.6","5","Apple iPhone 14 (128GB, Yellow)","https://www.croma.com/apple-iphone-14-128gb-yellow-/p/270411","https://media.tatacroma.com/Croma%20Assets/UI%20Assets/lazyLoading.gif"
"1756102565-110","https://www.croma.com/phones-wearables/mobile-phones/iphones/c/97","Apple iPhone 16 Pro (1TB, Desert Titanium)","₹1,62,900","","","Apple iPhone 16 Pro (1TB, Desert Titanium)","https://www.croma.com/apple-iphone-16-pro-1tb-desert-titanium-/p/309739","https://media.tatacroma.com/Croma%20Assets/UI%20Assets/lazyLoading.gif"
"1756102565-111","https://www.croma.com/phones-wearables/mobile-phones/iphones/c/97","Apple iPhone 16 Pro (1TB, White Titanium)","₹1,62,900","","","Apple iPhone 16 Pro (1TB, White Titanium)","https://www.croma.com/apple-iphone-16-pro-1tb-white-titanium-/p/309738","https://media.tatacroma.com/Croma%20Assets/UI%20Assets/lazyLoading.gif"
"1756102565-112","https://www.croma.com/phones-wearables/mobile-phones/iphones/c/97","Apple iPhone 15 Plus (256GB, Green)","₹84,900","","","Apple iPhone 15 Plus (256GB, Green)","https://www.croma.com/apple-iphone-15-plus-256gb-green-/p/300779","https://media.tatacroma.com/Croma%20Assets/UI%20Assets/lazyLoading.gif"
"1756102565-113","https://www.croma.com/phones-wearables/mobile-phones/iphones/c/97","Apple iPhone 16 Pro (128GB, White Titanium)","₹1,12,900","","","Apple iPhone 16 Pro (128GB, White Titanium)","https://www.croma.com/apple-iphone-16-pro-128gb-white-titanium-/p/309726","https://media.tatacroma.com/Croma%20Assets/UI%20Assets/lazyLoading.gif"
"1756102565-114","https://www.croma.com/phones-wearables/mobile-phones/iphones/c/97","Apple iPhone 14 (256GB, Purple)","₹49,994","4.3","23","Apple iPhone 14 (256GB, Purple)","https://www.croma.com/apple-iphone-14-256gb-purple-/p/261937","https://media-ik.croma.com/prod/https://media.tatacroma.com/Croma%20Assets/Communication/Mobiles/Images/261937_0_qjy0h6.png?tr=w-400"
"1756102565-115","https://www.croma.com/phones-wearables/mobile-phones/iphones/c/97","Apple iPhone 15 (128GB, Black)","₹64,490","3.4","75","Apple iPhone 15 (128GB, Black)","https://www.croma.com/apple-iphone-15-128gb-black-/p/300652","https://media-ik.croma.com/prod/https://media.tatacroma.com/Croma%20Assets/Communication/Mobiles/Images/300652_0_mwimne.png?tr=w-400"
"1756102565-116","https://www.croma.com/phones-wearables/mobile-phones/iphones/c/97","Apple iPhone 14 (256GB, Starlight)","₹49,994","4.6","16","Apple iPhone 14 (256GB, Starlight)","https://www.croma.com/apple-iphone-14-256gb-starlight-/p/261936","https://media-ik.croma.com/prod/https://media.tatacroma.com/Croma%20Assets/Communication/Mobiles/Images/261936_0_sr9i1z.png?tr=w-400"
"1756102565-117","https://www.croma.com/phones-wearables/mobile-phones/iphones/c/97","Apple iPhone 14 (256GB, Purple)","₹49,994","4.3","23","Apple iPhone 14 (256GB, Purple)","https://www.croma.com/apple-iphone-14-256gb-purple-/p/261937","https://media-ik.croma.com/prod/https://media.tatacroma.com/Croma%20Assets/Communication/Mobiles/Images/261937_0_qjy0h6.png?tr=w-400"
"1756102565-118","https://www.croma.com/phones-wearables/mobile-phones/iphones/c/97","Apple iPhone 15 (128GB, Black)","₹64,490","3.4","75","Apple iPhone 15 (128GB, Black)","https://www.croma.com/apple-iphone-15-128gb-black-/p/300652","https://media-ik.croma.com/prod/https://media.tatacroma.com/Croma%20Assets/Communication/Mobiles/Images/300652_0_mwimne.png?tr=w-400"
"1756102565-119","https://www.croma.com/phones-wearables/mobile-phones/iphones/c/97","Apple iPhone 14 (256GB, Starlight)","₹49,994","4.6","16","Apple iPhone 14 (256GB, Starlight)","https://www.croma.com/apple-iphone-14-256gb-starlight-/p/261936","https://media-ik.croma.com/prod/https://media.tatacroma.com/Croma%20Assets/Communication/Mobiles/Images/261936_0_sr9i1z.png?tr=w-400"
"1756102565-120","https://www.croma.com/phones-wearables/mobile-phones/iphones/c/97","Apple iPhone 14 (256GB, Purple)","₹49,994","4.3","23","Apple iPhone 14 (256GB, Purple)","https://www.croma.com/apple-iphone-14-256gb-purple-/p/261937","https://media-ik.croma.com/prod/https://media.tatacroma.com/Croma%20Assets/Communication/Mobiles/Images/261937_0_qjy0h6.png?tr=w-400"
"1756102565-121","https://www.croma.com/phones-wearables/mobile-phones/iphones/c/97","Apple iPhone 15 (128GB, Black)","₹64,490","3.4","75","Apple iPhone 15 (128GB, Black)","https://www.croma.com/apple-iphone-15-128gb-black-/p/300652","https://media-ik.croma.com/prod/https://media.tatacroma.com/Croma%20Assets/Communication/Mobiles/Images/300652_0_mwimne.png?tr=w-400"
"1756102565-122","https://www.croma.com/phones-wearables/mobile-phones/iphones/c/97","Apple iPhone 14 (256GB, Starlight)","₹49,994","4.6","16","Apple iPhone 14 (256GB, Starlight)","https://www.croma.com/apple-iphone-14-256gb-starlight-/p/261936","https://media-ik.croma.com/prod/https://media.tatacroma.com/Croma%20Assets/Communication/Mobiles/Images/261936_0_sr9i1z.png?tr=w-400"
"1756102565-123","https://www.croma.com/phones-wearables/mobile-phones/iphones/c/97","Apple iPhone 16 Pro (128GB, Natural Titanium)","₹1,12,900","5","1","Apple iPhone 16 Pro (128GB, Natural Titanium)","https://www.croma.com/apple-iphone-16-pro-128gb-natural-titanium-/p/309728","https://media.tatacroma.com/Croma%20Assets/UI%20Assets/lazyLoading.gif"
"1756102565-124","https://www.croma.com/phones-wearables/mobile-phones/iphones/c/97","Apple iPhone 14 (128GB, Product Red)","₹53,990","4.8","26","Apple iPhone 14 (128GB, Product Red)","https://www.croma.com/apple-iphone-14-128gb-product-red-/p/261933","https://media.tatacroma.com/Croma%20Assets/UI%20Assets/lazyLoading.gif"
"1756102565-125","https://www.croma.com/phones-wearables/mobile-phones/iphones/c/97","Apple iPhone 15 Plus (128GB, Pink)","₹74,900","3.3","7","Apple iPhone 15 Plus (128GB, Pink)","https://www.croma.com/apple-iphone-15-plus-128gb-pink-/p/300775","https://media.tatacroma.com/Croma%20Assets/UI%20Assets/lazyLoading.gif"
"1756102565-126","https://www.croma.com/phones-wearables/mobile-phones/iphones/c/97","Apple iPhone 16 Plus (256GB, White)","₹93,990","","","Apple iPhone 16 Plus (256GB, White)","https://www.croma.com/apple-iphone-16-plus-256gb-white-/p/309713","https://media.tatacroma.com/Croma%20Assets/UI%20Assets/lazyLoading.gif"
"1756102565-127","https://www.croma.com/phones-wearables/mobile-phones/iphones/c/97","Apple iPhone 15 Plus (256GB, Yellow)","₹84,900","5","1","Apple iPhone 15 Plus (256GB, Yellow)","https://www.croma.com/apple-iphone-15-plus-256gb-yellow-/p/300778","https://media.tatacroma.com/Croma%20Assets/UI%20Assets/lazyLoading.gif"
"1756102565-128","https://www.croma.com/phones-wearables/mobile-phones/iphones/c/97","Apple iPhone 16 Pro Max (512GB, Desert Titanium)","₹1,57,900","","","Apple iPhone 16 Pro Max (512GB, Desert Titanium)","https://www.croma.com/apple-iphone-16-pro-max-512gb-desert-titanium-/p/309750","https://media.tatacroma.com/Croma%20Assets/UI%20Assets/lazyLoading.gif"
"1756102565-129","https://www.croma.com/phones-wearables/mobile-phones/iphones/c/97","Apple iPhone 16 (512GB, Teal)","₹1,03,990","","","Apple iPhone 16 (512GB, Teal)","https://www.croma.com/apple-iphone-16-512gb-teal-/p/309706","https://media.tatacroma.com/Croma%20Assets/UI%20Assets/lazyLoading.gif"
"1756102565-130","https://www.croma.com/phones-wearables/mobile-phones/iphones/c/97","Apple iPhone 16 (512GB, Black)","₹1,03,990","","","Apple iPhone 16 (512GB, Black)","https://www.croma.com/apple-iphone-16-512gb-black-/p/309702","https://media.tatacroma.com/Croma%20Assets/UI%20Assets/lazyLoading.gif"
"1756102565-131","https://www.croma.com/phones-wearables/mobile-phones/iphones/c/97","Apple iPhone 16 Pro Max (1TB, Black Titanium)","₹1,77,900","","","Apple iPhone 16 Pro Max (1TB, Black Titanium)","https://www.croma.com/apple-iphone-16-pro-max-1tb-black-titanium-/p/309754","https://media.tatacroma.com/Croma%20Assets/UI%20Assets/lazyLoading.gif"
"1756102565-132","https://www.croma.com/phones-wearables/mobile-phones/iphones/c/97","Apple iPhone 16 Pro (512GB, Natural Titanium)","₹1,42,900","","","Apple iPhone 16 Pro (512GB, Natural Titanium)","https://www.croma.com/apple-iphone-16-pro-512gb-natural-titanium-/p/309736","https://media.tatacroma.com/Croma%20Assets/UI%20Assets/lazyLoading.gif"
"1756102565-133","https://www.croma.com/phones-wearables/mobile-phones/iphones/c/97","Apple iPhone 16 Pro (512GB, White Titanium)","₹1,42,900","","","Apple iPhone 16 Pro (512GB, White Titanium)","https://www.croma.com/apple-iphone-16-pro-512gb-white-titanium-/p/309734","https://media.tatacroma.com/Croma%20Assets/UI%20Assets/lazyLoading.gif"
"1756102565-134","https://www.croma.com/phones-wearables/mobile-phones/iphones/c/97","Apple iPhone 15 Plus (256GB, Pink)","₹84,900","1","4","Apple iPhone 15 Plus (256GB, Pink)","https://www.croma.com/apple-iphone-15-plus-256gb-pink-/p/300736","https://media.tatacroma.com/Croma%20Assets/UI%20Assets/lazyLoading.gif"
"1756102565-135","https://www.croma.com/phones-wearables/mobile-phones/iphones/c/97","Apple iPhone 16 Pro Max (512GB, Natural Titanium)","₹1,57,900","","","Apple iPhone 16 Pro Max (512GB, Natural Titanium)","https://www.croma.com/apple-iphone-16-pro-max-512gb-natural-titanium-/p/309751","https://media.tatacroma.com/Croma%20Assets/UI%20Assets/lazyLoading.gif"
"1756102565-136","https://www.croma.com/phones-wearables/mobile-phones/iphones/c/97","Apple iPhone 16 Plus (128GB, Pink)","₹84,900","","","Apple iPhone 16 Plus (128GB, Pink)","https://www.croma.com/apple-iphone-16-plus-128gb-pink-/p/309709","https://media.tatacroma.com/Croma%20Assets/UI%20Assets/lazyLoading.gif"
"1756102565-137","https://www.croma.com/phones-wearables/mobile-phones/iphones/c/97","Apple iPhone 16 Pro Max (1TB, White Titanium)","₹1,77,900","","","Apple iPhone 16 Pro Max (1TB, White Titanium)","https://www.croma.com/apple-iphone-16-pro-max-1tb-white-titanium-/p/309771","https://media.tatacroma.com/Croma%20Assets/UI%20Assets/lazyLoading.gif"
"1756102565-138","https://www.croma.com/phones-wearables/mobile-phones/iphones/c/97","Apple iPhone 16 (512GB, White)","₹1,03,990","","","Apple iPhone 16 (512GB, White)","https://www.croma.com/apple-iphone-16-512gb-white-/p/309703","https://media.tatacroma.com/Croma%20Assets/UI%20Assets/lazyLoading.gif"
"1756102565-139","https://www.croma.com/phones-wearables/mobile-phones/iphones/c/97","Apple iPhone 14 (128GB, Starlight)","₹53,890","5","1","Apple iPhone 14 (128GB, Starlight)","https://www.croma.com/apple-iphone-14-128gb-starlight-/p/310715","https://media.tatacroma.com/Croma%20Assets/UI%20Assets/lazyLoading.gif"
"1756102565-140","https://www.croma.com/phones-wearables/mobile-phones/iphones/c/97","Apple iPhone 16 Pro (512GB, Desert Titanium)","₹1,42,900","","","Apple iPhone 16 Pro (512GB, Desert Titanium)","https://www.croma.com/apple-iphone-16-pro-512gb-desert-titanium-/p/309735","https://media.tatacroma.com/Croma%20Assets/UI%20Assets/lazyLoading.gif"
"1756102565-141","https://www.croma.com/phones-wearables/mobile-phones/iphones/c/97","Apple iPhone 16 Plus (256GB, Black)","₹93,990","","","Apple iPhone 16 Plus (256GB, Black)","https://www.croma.com/apple-iphone-16-plus-256gb-black-/p/309712","https://media.tatacroma.com/Croma%20Assets/UI%20Assets/lazyLoading.gif"
"1756102565-142","https://www.croma.com/phones-wearables/mobile-phones/iphones/c/97","Apple iPhone 16 Pro Max (1TB, Desert Titanium)","₹1,77,900","","","Apple iPhone 16 Pro Max (1TB, Desert Titanium)","https://www.croma.com/apple-iphone-16-pro-max-1tb-desert-titanium-/p/309773","https://media.tatacroma.com/Croma%20Assets/UI%20Assets/lazyLoading.gif"
"1756102565-143","https://www.croma.com/phones-wearables/mobile-phones/iphones/c/97","Apple iPhone 16e (512GB, White)","₹83,390","","","Apple iPhone 16e (512GB, White)","https://www.croma.com/apple-iphone-16e-512gb-white-/p/310305","https://media.tatacroma.com/Croma%20Assets/UI%20Assets/lazyLoading.gif"
"1756102565-144","https://www.croma.com/phones-wearables/mobile-phones/iphones/c/97","Apple iPhone 14 (256GB, Purple)","₹49,994","4.3","23","Apple iPhone 14 (256GB, Purple)","https://www.croma.com/apple-iphone-14-256gb-purple-/p/261937","https://media-ik.croma.com/prod/https://media.tatacroma.com/Croma%20Assets/Communication/Mobiles/Images/261937_0_qjy0h6.png?tr=w-400"
"1756102565-145","https://www.croma.com/phones-wearables/mobile-phones/iphones/c/97","Apple iPhone 15 (128GB, Black)","₹64,490","3.4","75","Apple iPhone 15 (128GB, Black)","https://www.croma.com/apple-iphone-15-128gb-black-/p/300652","https://media-ik.croma.com/prod/https://media.tatacroma.com/Croma%20Assets/Communication/Mobiles/Images/300652_0_mwimne.png?tr=w-400"
"1756102565-146","https://www.croma.com/phones-wearables/mobile-phones/iphones/c/97","Apple iPhone 14 (256GB, Starlight)","₹49,994","4.6","16","Apple iPhone 14 (256GB, Starlight)","https://www.croma.com/apple-iphone-14-256gb-starlight-/p/261936","https://media-ik.croma.com/prod/https://media.tatacroma.com/Croma%20Assets/Communication/Mobiles/Images/261936_0_sr9i1z.png?tr=w-400"
"1756102565-147","https://www.croma.com/phones-wearables/mobile-phones/iphones/c/97","Apple iPhone 14 (256GB, Purple)","₹49,994","4.3","23","Apple iPhone 14 (256GB, Purple)","https://www.croma.com/apple-iphone-14-256gb-purple-/p/261937","https://media-ik.croma.com/prod/https://media.tatacroma.com/Croma%20Assets/Communication/Mobiles/Images/261937_0_qjy0h6.png?tr=w-400"
"1756102565-148","https://www.croma.com/phones-wearables/mobile-phones/iphones/c/97","Apple iPhone 15 (128GB, Black)","₹64,490","3.4","75","Apple iPhone 15 (128GB, Black)","https://www.croma.com/apple-iphone-15-128gb-black-/p/300652","https://media-ik.croma.com/prod/https://media.tatacroma.com/Croma%20Assets/Communication/Mobiles/Images/300652_0_mwimne.png?tr=w-400"
"1756102565-149","https://www.croma.com/phones-wearables/mobile-phones/iphones/c/97","Apple iPhone 14 (256GB, Starlight)","₹49,994","4.6","16","Apple iPhone 14 (256GB, Starlight)","https://www.croma.com/apple-iphone-14-256gb-starlight-/p/261936","https://media-ik.croma.com/prod/https://media.tatacroma.com/Croma%20Assets/Communication/Mobiles/Images/261936_0_sr9i1z.png?tr=w-400"
"1756102565-150","https://www.croma.com/phones-wearables/mobile-phones/iphones/c/97","Apple iPhone 14 (256GB, Purple)","₹49,994","4.3","23","Apple iPhone 14 (256GB, Purple)","https://www.croma.com/apple-iphone-14-256gb-purple-/p/261937","https://media-ik.croma.com/prod/https://media.tatacroma.com/Croma%20Assets/Communication/Mobiles/Images/261937_0_qjy0h6.png?tr=w-400"
"1756102565-151","https://www.croma.com/phones-wearables/mobile-phones/iphones/c/97","Apple iPhone 15 (128GB, Black)","₹64,490","3.4","75","Apple iPhone 15 (128GB, Black)","https://www.croma.com/apple-iphone-15-128gb-black-/p/300652","https://media-ik.croma.com/prod/https://media.tatacroma.com/Croma%20Assets/Communication/Mobiles/Images/300652_0_mwimne.png?tr=w-400"
"1756102565-152","https://www.croma.com/phones-wearables/mobile-phones/iphones/c/97","Apple iPhone 14 (256GB, Starlight)","₹49,994","4.6","16","Apple iPhone 14 (256GB, Starlight)","https://www.croma.com/apple-iphone-14-256gb-starlight-/p/261936","https://media-ik.croma.com/prod/https://media.tatacroma.com/Croma%20Assets/Communication/Mobiles/Images/261936_0_sr9i1z.png?tr=w-400"
"1756102565-153","https://www.croma.com/phones-wearables/mobile-phones/iphones/c/97","Apple iPhone 16 Pro Max (512GB, Black Titanium)","₹1,57,900","","","Apple iPhone 16 Pro Max (512GB, Black Titanium)","https://www.croma.com/apple-iphone-16-pro-max-512gb-black-titanium-/p/309748","https://media.tatacroma.com/Croma%20Assets/UI%20Assets/lazyLoading.gif"
"1756102565-154","https://www.croma.com/phones-wearables/mobile-phones/iphones/c/97","Apple iPhone 16 Plus (512GB, Ultramarine)","₹1,13,990","","","Apple iPhone 16 Plus (512GB, Ultramarine)","https://www.croma.com/apple-iphone-16-plus-512gb-ultramarine-/p/309722","https://media.tatacroma.com/Croma%20Assets/UI%20Assets/lazyLoading.gif"
"1756102565-155","https://www.croma.com/phones-wearables/mobile-phones/iphones/c/97","Apple iPhone 16 Pro Max (512GB, White Titanium)","₹1,57,900","","","Apple iPhone 16 Pro Max (512GB, White Titanium)","https://www.croma.com/apple-iphone-16-pro-max-512gb-white-titanium-/p/309749","https://media.tatacroma.com/Croma%20Assets/UI%20Assets/lazyLoading.gif"
"1756102565-156","https://www.croma.com/phones-wearables/mobile-phones/iphones/c/97","Apple iPhone 16 Plus (512GB, Pink)","₹1,13,990","","","Apple iPhone 16 Plus (512GB, Pink)","https://www.croma.com/apple-iphone-16-plus-512gb-pink-/p/309721","https://media.tatacroma.com/Croma%20Assets/UI%20Assets/lazyLoading.gif"
"1756102565-157","https://www.croma.com/phones-wearables/mobile-phones/iphones/c/97","Apple iPhone 16 Plus (512GB, White)","₹1,13,990","","","Apple iPhone 16 Plus (512GB, White)","https://www.croma.com/apple-iphone-16-plus-512gb-white-/p/309720","https://media.tatacroma.com/Croma%20Assets/UI%20Assets/lazyLoading.gif"
"1756102565-158","https://www.croma.com/phones-wearables/mobile-phones/iphones/c/97","Apple iPhone 16 Plus (256GB, Pink)","₹93,990","","","Apple iPhone 16 Plus (256GB, Pink)","https://www.croma.com/apple-iphone-16-plus-256gb-pink-/p/309714","https://media.tatacroma.com/Croma%20Assets/UI%20Assets/lazyLoading.gif"
"1756102565-159","https://www.croma.com/phones-wearables/mobile-phones/iphones/c/97","Apple iPhone 16e (512GB, Black)","₹83,390","","","Apple iPhone 16e (512GB, Black)","https://www.croma.com/apple-iphone-16e-512gb-black-/p/310303","https://media.tatacroma.com/Croma%20Assets/UI%20Assets/lazyLoading.gif"
"1756102565-160","https://www.croma.com/phones-wearables/mobile-phones/iphones/c/97","Apple iPhone 16 Plus (512GB, Teal)","₹1,13,990","","","Apple iPhone 16 Plus (512GB, Teal)","https://www.croma.com/apple-iphone-16-plus-512gb-teal-/p/309723","https://media.tatacroma.com/Croma%20Assets/UI%20Assets/lazyLoading.gif"
"1756102565-161","https://www.croma.com/phones-wearables/mobile-phones/iphones/c/97","Apple iPhone 14 (128GB, Blue)","₹53,890","3","2","Apple iPhone 14 (128GB, Blue)","https://www.croma.com/apple-iphone-14-128gb-blue-/p/310717","https://media.tatacroma.com/Croma%20Assets/UI%20Assets/lazyLoading.gif"
"1756102565-162","https://www.croma.com/phones-wearables/mobile-phones/iphones/c/97","Apple iPhone 16 Plus (512GB, Black)","₹1,13,990","","","Apple iPhone 16 Plus (512GB, Black)","https://www.croma.com/apple-iphone-16-plus-512gb-black-/p/309719","https://media.tatacroma.com/Croma%20Assets/UI%20Assets/lazyLoading.gif"
"1756102565-163","https://www.croma.com/phones-wearables/mobile-phones/iphones/c/97","Apple iPhone 16 Plus (256GB, Ultramarine)","₹93,990","","","Apple iPhone 16 Plus (256GB, Ultramarine)","https://www.croma.com/apple-iphone-16-plus-256gb-ultramarine-/p/309715","https://media.tatacroma.com/Croma%20Assets/UI%20Assets/lazyLoading.gif"
"1756102565-164","https://www.croma.com/phones-wearables/mobile-phones/iphones/c/97","Apple iPhone 16 Pro Max (1TB, Natural Titanium)","₹1,77,900","","","Apple iPhone 16 Pro Max (1TB, Natural Titanium)","https://www.croma.com/apple-iphone-16-pro-max-1tb-natural-titanium-/p/309774","https://media.tatacroma.com/Croma%20Assets/UI%20Assets/lazyLoading.gif"
"1756102565-165","https://www.croma.com/phones-wearables/mobile-phones/iphones/c/97","Apple iPhone 16 Pro (1TB, Natural Titanium)","₹1,62,900","","","Apple iPhone 16 Pro (1TB, Natural Titanium)","https://www.croma.com/apple-iphone-16-pro-1tb-natural-titanium-/p/309741","https://media.tatacroma.com/Croma%20Assets/UI%20Assets/lazyLoading.gif"
"1756102565-166","https://www.croma.com/phones-wearables/mobile-phones/iphones/c/97","Apple iPhone 14 (128GB, Purple)","₹53,890","5","1","Apple iPhone 14 (128GB, Purple)","https://www.croma.com/apple-iphone-14-128gb-purple-/p/310716","https://media.tatacroma.com/Croma%20Assets/UI%20Assets/lazyLoading.gif"
"1756102565-167","https://www.croma.com/phones-wearables/mobile-phones/iphones/c/97","Apple iPhone 14 (128GB, Midnight)","₹53,890","2","1","Apple iPhone 14 (128GB, Midnight)","https://www.croma.com/apple-iphone-14-128gb-midnight-/p/310714","https://media.tatacroma.com/Croma%20Assets/UI%20Assets/lazyLoading.gif"
"1756102565-168","https://www.croma.com/phones-wearables/mobile-phones/iphones/c/97","Apple iPhone 16 Pro (512GB, Black Titanium)","₹1,42,900","","","Apple iPhone 16 Pro (512GB, Black Titanium)","https://www.croma.com/apple-iphone-16-pro-512gb-black-titanium-/p/309733","https://media.tatacroma.com/Croma%20Assets/UI%20Assets/lazyLoading.gif"
"1756102565-169","https://www.croma.com/phones-wearables/mobile-phones/iphones/c/97","Apple iPhone 14 (256GB, Purple)","₹49,994","4.3","23","Apple iPhone 14 (256GB, Purple)","https://www.croma.com/apple-iphone-14-256gb-purple-/p/261937","https://media-ik.croma.com/prod/https://media.tatacroma.com/Croma%20Assets/Communication/Mobiles/Images/261937_0_qjy0h6.png?tr=w-400"
"1756102565-170","https://www.croma.com/phones-wearables/mobile-phones/iphones/c/97","Apple iPhone 15 (128GB, Black)","₹64,490","3.4","75","Apple iPhone 15 (128GB, Black)","https://www.croma.com/apple-iphone-15-128gb-black-/p/300652","https://media-ik.croma.com/prod/https://media.tatacroma.com/Croma%20Assets/Communication/Mobiles/Images/300652_0_mwimne.png?tr=w-400"
"1756102565-171","https://www.croma.com/phones-wearables/mobile-phones/iphones/c/97","Apple iPhone 14 (256GB, Starlight)","₹49,994","4.6","16","Apple iPhone 14 (256GB, Starlight)","https://www.croma.com/apple-iphone-14-256gb-starlight-/p/261936","https://media-ik.croma.com/prod/https://media.tatacroma.com/Croma%20Assets/Communication/Mobiles/Images/261936_0_sr9i1z.png?tr=w-400"
"1756102565-172","https://www.croma.com/phones-wearables/mobile-phones/iphones/c/97","Apple iPhone 14 (256GB, Purple)","₹49,994","4.3","23","Apple iPhone 14 (256GB, Purple)","https://www.croma.com/apple-iphone-14-256gb-purple-/p/261937","https://media-ik.croma.com/prod/https://media.tatacroma.com/Croma%20Assets/Communication/Mobiles/Images/261937_0_qjy0h6.png?tr=w-400"
"1756102565-173","https://www.croma.com/phones-wearables/mobile-phones/iphones/c/97","Apple iPhone 15 (128GB, Black)","₹64,490","3.4","75","Apple iPhone 15 (128GB, Black)","https://www.croma.com/apple-iphone-15-128gb-black-/p/300652","https://media-ik.croma.com/prod/https://media.tatacroma.com/Croma%20Assets/Communication/Mobiles/Images/300652_0_mwimne.png?tr=w-400"
"1756102565-174","https://www.croma.com/phones-wearables/mobile-phones/iphones/c/97","Apple iPhone 14 (256GB, Starlight)","₹49,994","4.6","16","Apple iPhone 14 (256GB, Starlight)","https://www.croma.com/apple-iphone-14-256gb-starlight-/p/261936","https://media-ik.croma.com/prod/https://media.tatacroma.com/Croma%20Assets/Communication/Mobiles/Images/261936_0_sr9i1z.png?tr=w-400"
