web-scraper-order,web-scraper-start-url,data-page-selector,data-page-selector-href,Product-AggregateRating-reviewCount-0,Product-AggregateRating-ratingValue-0,Product-Brand-name-0,Product-Offer-price-0,Product-name-0,name,aggregateRating_ratingCount,aggregateRating_reviewCount,warranty,highlights,offers_seller_name,description,image-src,Original Price-0,Discount-0,Rating Count-0,Dial Color-0,Strap Color-0,Strap Material-0,Display Size-0,Display Resolution-0,Display Type-0,Bluetooth-0,Water Resistance Depth-0,Usage-0,Compatible OS-0,Sensor-0,Compatible Device-0,Notification-0,Battery Type-0,Battery Life-0,GPS-0,Bluetooth Version-0,Operating Range-0,Call Features-0,Warranty Summary-0,Domestic Warranty-0,Seller-0,image-0-src
"1756113734-1","https://www.flipkart.com/wearable-smart-devices/smart-watches/pr?sid=ajy,buh&p[]=facets.rating%255B%255D%3D3%25E2%2598%2585%2B%2526%2Babove&p[]=facets.availability%255B%255D%3DExclude%2BOut%2Bof%2BStock&otracker=categorytree&fm=neo%2Fmerchandising&iid=M_a3a78fbf-424e-4adb-aebb-4bc02b84a7be_2_X1NCR146KC29_MC.SZAYN024BXYW&otracker=hp_rich_navigation_3_2.navigationCard.RICH_NAVIGATION_Electronics~Smart%2BWearables~Smart%2BWatches_SZAYN024BXYW&otracker1=hp_rich_navigation_PINNED_neo%2Fmerchandising_NA_NAV_EXPANDABLE_navigationCard_cc_3_L2_view-all&cid=SZAYN024BXYW","Bestseller","https://www.flipkart.com/samsung-galaxy-fit3-amoled-display-aluminium-body-upto-13day-battery-5atm-ip68/p/itm5d52a219c74a5?pid=SMWGY6YRYKY3GXQU&lid=LSTSMWGY6YRYKY3GXQURNE9WV&marketplace=FLIPKART&store=ajy%2Fbuh&spotlightTagId=default_BestsellerId_ajy%2Fbuh&srno=b_1_15&otracker=browse&otracker1=hp_rich_navigation_PINNED_neo%2Fmerchandising_NA_NAV_EXPANDABLE_navigationCard_cc_3_L2_view-all&fm=organic&iid=a661c1fe-8986-4f78-86e4-b025f65db72e.SMWGY6YRYKY3GXQU.SEARCH&ppt=browse&ppn=browse&ssid=5sg9g1xd1s0000001756113714393","899 Reviews","0","Samsung Smart Watches","₹3,299","Samsung Galaxy Fit3 | AMOLED Display & Aluminium Body | Upto 13Day Battery | 5ATM & IP68 (Gray Strap, Free Size)","Samsung Galaxy Fit3 | AMOLED Display & Aluminium Body | Upto 13Day Battery | 5ATM & IP68  (Gray Strap, Free Size)","13,189","899","","TouchscreenFitness & Outdoor","BUZZINDIA","The Samsung Galaxy Fit 3 Smartwatch is a holistic lifestyle companion designed to elevate your well-being, seamlessly integrating into your daily routines and adventures. Embrace a new era of wearable technology where style, functionality, and innovation converge to empower you on your journey to a healthier and more connected life. The Galaxy Fit 3 – redefining what it means to wear intelligence on your wrist.","https://rukminim2.flixcart.com/image/416/416/xif0q/smartwatch/5/s/k/-original-imagybqyg6fktjfq.jpeg?q=70&crop=false","₹9,999","67% off","(13,189)","Gray","","Fluoroelastomer","40.64 mm","256 x 402 Pixel","AMOLED","Yes","50 m","Fitness & Outdoor","Android","Accelerometer,Barometer,Gyro Sensor,Optical Heart Rate Sensor,Light Sensor","Android Smartphones and Tablets","Incoming Call Accept and Reject, Calendar, Media","Lithium Polymer","Upto 13 Days","","2","","Incoming Call Notification, Incoming Call Reject, Reply","","1 Year","BUZZINDIA","https://rukminim2.flixcart.com/image/416/416/xif0q/smartwatch/5/s/k/-original-imagybqyg6fktjfq.jpeg?q=70&crop=false"
"1756113744-2","https://www.flipkart.com/wearable-smart-devices/smart-watches/pr?sid=ajy,buh&p[]=facets.rating%255B%255D%3D3%25E2%2598%2585%2B%2526%2Babove&p[]=facets.availability%255B%255D%3DExclude%2BOut%2Bof%2BStock&otracker=categorytree&fm=neo%2Fmerchandising&iid=M_a3a78fbf-424e-4adb-aebb-4bc02b84a7be_2_X1NCR146KC29_MC.SZAYN024BXYW&otracker=hp_rich_navigation_3_2.navigationCard.RICH_NAVIGATION_Electronics~Smart%2BWearables~Smart%2BWatches_SZAYN024BXYW&otracker1=hp_rich_navigation_PINNED_neo%2Fmerchandising_NA_NAV_EXPANDABLE_navigationCard_cc_3_L2_view-all&cid=SZAYN024BXYW","","https://www.flipkart.com/gamesir-i8-pink-a1-full-screen-touch-watch-specially-made-girl-women-smartwatch/p/itm58f97c3e23277?pid=SMWHFG3KTCFTRSC2&lid=LSTSMWHFG3KTCFTRSC2NSW96E&marketplace=FLIPKART&store=ajy%2Fbuh&srno=b_1_40&otracker=browse&otracker1=hp_rich_navigation_PINNED_neo%2Fmerchandising_NA_NAV_EXPANDABLE_navigationCard_cc_3_L2_view-all&fm=organic&iid=a661c1fe-8986-4f78-86e4-b025f65db72e.SMWHFG3KTCFTRSC2.SEARCH&ppt=None&ppn=None&ssid=5sg9g1xd1s0000001756113714393","","3","GameSir Smart Watches","₹658","GameSir I8 Pink-A1 Full Screen Touch Watch Specially Made for Girl & Women Smartwatch (Pink Strap, 1.75 Inch Full Screen Display Notifications smartwatch)","GameSir I8 Pink-A1 Full Screen Touch Watch Specially Made for Girl & Women Smartwatch  (Pink Strap, 1.75 Inch Full Screen Display Notifications smartwatch)","","","6 Month of Manufacturing Warranty","With Call FunctionTouchscreenFitness & Outdoor, Health & Medical, Notifier, Safety & Security, WatchphoneBattery Runtime: Upto 3 days","IRC INNOVATIONS","I8 Pink 1.75-inch Square Dial Smartwatch, Full Touch Display, Bluetooth Calling, Functional Crown, 600 NITS, 100+ Watch Faces, HR, SpO2, 5 Days Battery Life & IP68 (Black)

Operating System	android & ios

Special Feature	Touchscreen, Multisport Tracker, Phone Call, Calorie Tracker, Heart Rate Monitor

Battery Capacity	250

Connectivity Technology	Bluetooth

Wireless Communication Standard	Bluetooth

Large 1.75"""" Full Touch TFT Display with 240*296px Resolution | 600 NITS Bright Display for Clear View | Functional Working Crown |Bluetooth Calls | upto 5 Days Battery Life* (depends on usage factors)


Wear Your Force: 8 Active Sports Mode, Health, Fitness Trackers, Real-time Heart Rate Check, SpO2 Check, Blood Pressure Check, Sleep Monitor, Sedentary Alert, Step Count, Calories Burnt & Breathing

Smart Features: Dual Screen, SOS, Social Notifications, Voice Assistant, Detection, Built-in Game, Calculator, Raise & Wake Display, BT Music,Camera Control, 6 Menu Styles, DND & Weather Info; 2.5D Curved Display Glass | 100+ Watch faces or Set from Phone's Gallery | IP68 Waterproof | 10-15 Days Standby | Easy Removable Nylon Strap | Compatible OS: Android 8 & above | iOS 9.1 & above

Built-in Mic & Loudspeaker | Bluetooth 5 Connectivity| 2 Hrs Magnetic Charging | 6-Month Manufacturer Warranty from the Date of Purchase on Manufacturing Defects only; Closure Type: Buckle; Target Gender: Unisex; Sport Type: Cycling, running, badminton, basketball, tennis; Warranty Type: Limited

>>>>>>...Caution:<<<<<<<.....

This smartwatch is not a medical device. Please do not use this smartwatch for self medication.""","https://rukminim2.flixcart.com/image/416/416/xif0q/smartwatch/j/p/p/39-i8-pink-a1-69-android-ios-gamesir-yes-original-imaha3fwz2sfaxtt.jpeg?q=70&crop=false","₹1,999","67% off","(16,461)","Pink","Pink","Silicone","39 mm","240*296 pixel","IPS TFT","yes its working","0.5 m","Fitness & Outdoor, Health & Medical, Notifier, Safety & Security, Watchphone","Android & iOS","Proximity","Android and ios","","Lithium Polymer","Upto 3 days Battery","No","2","10 m","Make Calls, Answer Calls, Mute Rejects Calls, Missed calls show, Contacts","6 Month of Manufacturing Warranty","6 Months","IRC INNOVATIONS","https://rukminim2.flixcart.com/image/416/416/xif0q/smartwatch/j/p/p/39-i8-pink-a1-69-android-ios-gamesir-yes-original-imaha3fwz2sfaxtt.jpeg?q=70&crop=false"
"1756113754-3","https://www.flipkart.com/wearable-smart-devices/smart-watches/pr?sid=ajy,buh&p[]=facets.rating%255B%255D%3D3%25E2%2598%2585%2B%2526%2Babove&p[]=facets.availability%255B%255D%3DExclude%2BOut%2Bof%2BStock&otracker=categorytree&fm=neo%2Fmerchandising&iid=M_a3a78fbf-424e-4adb-aebb-4bc02b84a7be_2_X1NCR146KC29_MC.SZAYN024BXYW&otracker=hp_rich_navigation_3_2.navigationCard.RICH_NAVIGATION_Electronics~Smart%2BWearables~Smart%2BWatches_SZAYN024BXYW&otracker1=hp_rich_navigation_PINNED_neo%2Fmerchandising_NA_NAV_EXPANDABLE_navigationCard_cc_3_L2_view-all&cid=SZAYN024BXYW","","https://www.flipkart.com/fastrack-revoltt-fs1-1-83-bt-calling-fast-charge-110-sports-mode-200-watchfaces-ip68-smartwatch/p/itmab38b5cb1e3fb?pid=SMWH5G8HRVMB7CJV&lid=LSTSMWH5G8HRVMB7CJVAAZEJV&marketplace=FLIPKART&store=ajy%2Fbuh&srno=b_1_39&otracker=browse&otracker1=hp_rich_navigation_PINNED_neo%2Fmerchandising_NA_NAV_EXPANDABLE_navigationCard_cc_3_L2_view-all&fm=organic&iid=a661c1fe-8986-4f78-86e4-b025f65db72e.SMWH5G8HRVMB7CJV.SEARCH&ppt=None&ppn=None&ssid=5sg9g1xd1s0000001756113714393","20,993 Reviews","9","Fastrack Smart Watches","₹1,499","Fastrack Revoltt FS1-1.83''|BT Calling|Fast Charge|110+ Sports Mode|200+ WatchFaces|IP68 Smartwatch (Black Strap, Free Size)","Fastrack Revoltt FS1-1.83''|BT Calling|Fast Charge|110+ Sports Mode|200+ WatchFaces|IP68 Smartwatch  (Black Strap, Free Size)","3,26,834","20,993","","Single Sync BT Calling: Effortlessly connect and manage Bluetooth calls with single-sync technologyWorking Crown: Intuitive control with a working crown for easy navigation100+ Sports Modes & Watchfaces: Track over 100 sports activities and personalize your watch with a wide range of watch facesUp to 5 Days Battery Life: Enjoy long-lasting battery performance with up to 5 days of usage on a single chargeAll-Round Health Tracking: Comprehensive health monitoring, including heart rate, sleep, and stress tracking,IP68 Water,Dust ResistantWith Call FunctionTouchscreenFitness & Outdoor","RetailNet","","https://rukminim2.flixcart.com/image/416/416/xif0q/smartwatch/j/h/7/-original-imagvpakfvggsgg5.jpeg?q=70&crop=false","₹3,995","62% off","(3,26,834)","Black","","Silicone","46.482 mm","240 x 284 Pixels","TFT","Yes.....it has full screen display.","1.5 m","Fitness & Outdoor","Android & iOS","Heart Rate,�Accelerometer","","","Lithium Polymer","5 days","No","19","10 m","Call Answer, Call Reject, Call Mute, Call Notifications, Quick Replies (Android)","1 Year Limited warranty","1 Year","RetailNet","https://rukminim2.flixcart.com/image/416/416/xif0q/smartwatch/j/h/7/-original-imagvpakfvggsgg5.jpeg?q=70&crop=false"
"1756113766-4","https://www.flipkart.com/wearable-smart-devices/smart-watches/pr?sid=ajy,buh&p[]=facets.rating%255B%255D%3D3%25E2%2598%2585%2B%2526%2Babove&p[]=facets.availability%255B%255D%3DExclude%2BOut%2Bof%2BStock&otracker=categorytree&fm=neo%2Fmerchandising&iid=M_a3a78fbf-424e-4adb-aebb-4bc02b84a7be_2_X1NCR146KC29_MC.SZAYN024BXYW&otracker=hp_rich_navigation_3_2.navigationCard.RICH_NAVIGATION_Electronics~Smart%2BWearables~Smart%2BWatches_SZAYN024BXYW&otracker1=hp_rich_navigation_PINNED_neo%2Fmerchandising_NA_NAV_EXPANDABLE_navigationCard_cc_3_L2_view-all&cid=SZAYN024BXYW","","https://www.flipkart.com/goboult-previously-boult-drift-1-85-bt-calling-500nits-brightness-150-watchfaces-smartwatch/p/itmaf88c159d8e63?pid=SMWGMH4J3PWYQTRH&lid=LSTSMWGMH4J3PWYQTRHXA01MF&marketplace=FLIPKART&store=ajy%2Fbuh&srno=b_1_38&otracker=browse&otracker1=hp_rich_navigation_PINNED_neo%2Fmerchandising_NA_NAV_EXPANDABLE_navigationCard_cc_3_L2_view-all&fm=organic&iid=en_lAKoqvZ3MaZujEC0TilhQq9Rddi5hD5_N4mnevqfZFowVAYa1VWzeyzmj3utzWJ3xOBdy1H-RQf8s5AZsamTc_cUmN_6PwCReg_VTM4VLxo%3D&ppt=None&ppn=None&ssid=5sg9g1xd1s0000001756113714393","21,496 Reviews","12","GOBOULT Smart Watches","","GOBOULT (previously Boult) Drift+ 1.85"" ,BT Calling, 500Nits Brightness, 150+ Watchfaces Smartwatch (Black Coffee Strap, Free Size)","GOBOULT (previously Boult) Drift+ 1.85"" ,BT Calling, 500Nits Brightness, 150+ Watchfaces Smartwatch  (Black Coffee Strap, Free Size)","3,75,752","21,496","1 Year warranty from the date of purchase","Seamless Bluetooth Calling with inbuilt Speaker and Mic | Smart Notifications 1.85'' HD Screen | 500 Nits High BrightnessComplete Health Monitor: SpO2 Blood Oxygen Saturation Monitor, 24*7 Heart Rate onitor Blood Pressure Monitor, Female Menstrual Cycle Tracking, Sleep Monitor, Drink Water Reminder, Sedentary Reminder100+ Sports Modes: Flex how you like. Drift+ Black Coffee offers you 100+ sports modes to activate your fitness regime. IP67 Water Resistant | 5.1 Bluetooth VersionWith Call FunctionTouchscreenFitness & Outdoor","RetailNet","You can stay connected to the digital world at all times with the help of the Boult Drift+ Smartwatch. It features a large touchscreen HD display of up to 4.69 cm (1.85), offering up to 500 nits of brightness for clear and vibrant visuals. Also, this smartwatch features Bluetooth calling with a dedicated speaker and microphone, making call management hassle-free. Besides, with real-time monitoring of heart rate 24x7, blood pressure, and SpO2 blood oxygen saturation, this smartwatch allows you to keep important health parameters in check. Furthermore, this smartwatch lets you monitor menstrual cycles and sleep cycles and reminds you to drink water and move if you are sedentary for too long.","https://rukminim2.flixcart.com/image/416/416/xif0q/smartwatch/q/l/7/-original-imahf98jmrxfhxgh.jpeg?q=70&crop=false","","","","Black Coffee","Brown","Silicone","1.85 inch","240 x 280 Pixels","TFT","Yes, You Can. If you want turn on notifications.","1.5 m","Fitness & Outdoor","Android & iOS","Real Heart Rate, Real SPO2, Pedometer","Smartphone","Vibrate","Lithium Ion","Upto 7 Days","No","39","10 m","Pick Up Incoming Calls, Reject Incoming Calls, Dial, Dedicated Speaker and Mic, AI Voice Assistant","1 Year warranty from the date of purchase","1 Year","RetailNet","https://rukminim2.flixcart.com/image/416/416/xif0q/smartwatch/q/l/7/-original-imahf98jmrxfhxgh.jpeg?q=70&crop=false"
"1756113777-5","https://www.flipkart.com/wearable-smart-devices/smart-watches/pr?sid=ajy,buh&p[]=facets.rating%255B%255D%3D3%25E2%2598%2585%2B%2526%2Babove&p[]=facets.availability%255B%255D%3DExclude%2BOut%2Bof%2BStock&otracker=categorytree&fm=neo%2Fmerchandising&iid=M_a3a78fbf-424e-4adb-aebb-4bc02b84a7be_2_X1NCR146KC29_MC.SZAYN024BXYW&otracker=hp_rich_navigation_3_2.navigationCard.RICH_NAVIGATION_Electronics~Smart%2BWearables~Smart%2BWatches_SZAYN024BXYW&otracker1=hp_rich_navigation_PINNED_neo%2Fmerchandising_NA_NAV_EXPANDABLE_navigationCard_cc_3_L2_view-all&cid=SZAYN024BXYW","","https://www.flipkart.com/cellecor-ray-1-43-amoled-display-700-nits-aod-bt-calling-ai-voice-split-screen-smartwatch/p/itm3a6f596a9d043?pid=SMWGWCCY3TAD9F8F&lid=LSTSMWGWCCY3TAD9F8FOB4A6P&marketplace=FLIPKART&store=ajy%2Fbuh&srno=b_1_37&otracker=browse&otracker1=hp_rich_navigation_PINNED_neo%2Fmerchandising_NA_NAV_EXPANDABLE_navigationCard_cc_3_L2_view-all&fm=organic&iid=en_lAKoqvZ3MaZujEC0TilhQq9Rddi5hD5_N4mnevqfZFraxRg9MWo1Ka24R6Pf49pWnzrUkciyrbqnDlmYDx1jDGVkv0XZFiOX7bbXdlao_f8%3D&ppt=None&ppn=None&ssid=5sg9g1xd1s0000001756113714393","127 Reviews","0","Cellecor Smart Watches","","Cellecor RAY 1.43"" AMOLED Display | 700 NITS | AOD | BT-Calling | AI Voice | Split Screen Smartwatch (Golden/Orange Strap, Free Size)","Cellecor RAY 1.43"" AMOLED Display | 700 NITS | AOD | BT-Calling | AI Voice | Split Screen Smartwatch  (Golden/Orange Strap, Free Size)","1,156","127","","With Call FunctionTouchscreenFitness & OutdoorBattery Runtime: Upto 7 days","RetailNet","Introducing the Celle M7 Pro Ray Smart Watch: Boasting a 1.43-inch Amoled display with 700 Nits brightness and 466 x 466 pixel resolution, it offers clear visuals in any light. Stay connected with Bluetooth calling, enjoy a 5-day battery backup, monitor your health, and benefit from multi-language support. Elevate your lifestyle with the M7 Pro Ray!","https://rukminim2.flixcart.com/image/416/416/xif0q/smartwatch/v/z/j/-original-imahbx9ngxyzxmcf.jpeg?q=70&crop=false","","","","Golden/Orange","Orange","Silicone","36.32 mm","466 x 466 pixel","HD","48 hours only","1.5 m","Fitness & Outdoor","Android & iOS","Heart Rate, SPo2, Accelerometer, Barometer, Gyro Sensor, Light Sensor","SMART PHONE, TABLETS","","Lithium Polymer","Long Lasting 7 Days Backup with Calling, 15 Days without calling, Standby time - 35 Days","","0","15 m","Mute Calls, Reject Calls, Take Calls, Calls Reminder","1 Year Manufacturer Warranty","1 Year","RetailNet","https://rukminim2.flixcart.com/image/416/416/xif0q/smartwatch/v/z/j/-original-imahbx9ngxyzxmcf.jpeg?q=70&crop=false"
"1756113788-6","https://www.flipkart.com/wearable-smart-devices/smart-watches/pr?sid=ajy,buh&p[]=facets.rating%255B%255D%3D3%25E2%2598%2585%2B%2526%2Babove&p[]=facets.availability%255B%255D%3DExclude%2BOut%2Bof%2BStock&otracker=categorytree&fm=neo%2Fmerchandising&iid=M_a3a78fbf-424e-4adb-aebb-4bc02b84a7be_2_X1NCR146KC29_MC.SZAYN024BXYW&otracker=hp_rich_navigation_3_2.navigationCard.RICH_NAVIGATION_Electronics~Smart%2BWearables~Smart%2BWatches_SZAYN024BXYW&otracker1=hp_rich_navigation_PINNED_neo%2Fmerchandising_NA_NAV_EXPANDABLE_navigationCard_cc_3_L2_view-all&cid=SZAYN024BXYW","","https://www.flipkart.com/fastrack-fs1-1-83-bt-calling-fast-charge-110-sports-mode-200-watchfaces-ip68-smartwatch/p/itmc37b506d7ae4e?pid=SMWH5G8HYHBZZXAF&lid=LSTSMWH5G8HYHBZZXAF6JEWXS&marketplace=FLIPKART&store=ajy%2Fbuh&srno=b_1_36&otracker=browse&otracker1=hp_rich_navigation_PINNED_neo%2Fmerchandising_NA_NAV_EXPANDABLE_navigationCard_cc_3_L2_view-all&fm=organic&iid=a661c1fe-8986-4f78-86e4-b025f65db72e.SMWH5G8HYHBZZXAF.SEARCH&ppt=None&ppn=None&ssid=5sg9g1xd1s0000001756113714393","20,993 Reviews","5","Fastrack Smart Watches","","Fastrack FS1-1.83''|BT Calling|Fast Charge|110+ Sports Mode|200+ WatchFaces|IP68 Smartwatch (Blue Strap, Free Size)","Fastrack FS1-1.83''|BT Calling|Fast Charge|110+ Sports Mode|200+ WatchFaces|IP68 Smartwatch  (Blue Strap, Free Size)","3,26,834","20,993","","Single Sync BT Calling: Effortlessly connect and manage Bluetooth calls with single-sync technologyWorking Crown: Intuitive control with a working crown for easy navigation100+ Sports Modes & Watchfaces: Track over 100 sports activities and personalize your watch with a wide range of watch facesUp to 5 Days Battery Life: Enjoy long-lasting battery performance with up to 5 days of usage on a single chargeAll-Round Health Tracking: Comprehensive health monitoring, including heart rate, sleep, and stress tracking,IP68 Water,Dust ResistantWith Call FunctionTouchscreenFitness & Outdoor","RetailNet","","https://rukminim2.flixcart.com/image/416/416/xif0q/smartwatch/j/x/p/-original-imagvpakjgykcytm.jpeg?q=70&crop=false","","","","Blue","","Silicone","46.482 mm","240 x 284 Pixels","TFT","Unisex","1.5 m","Fitness & Outdoor","Android & iOS","Heart Rate,�Accelerometer","","","Lithium Polymer","5 days","No","25","10 m","Call Answer, Call Reject, Call Mute, Call Notifications, Quick Replies (Android)","1 Year Limited warranty","1 Year","RetailNet","https://rukminim2.flixcart.com/image/416/416/xif0q/smartwatch/j/x/p/-original-imagvpakjgykcytm.jpeg?q=70&crop=false"
"1756113801-7","https://www.flipkart.com/wearable-smart-devices/smart-watches/pr?sid=ajy,buh&p[]=facets.rating%255B%255D%3D3%25E2%2598%2585%2B%2526%2Babove&p[]=facets.availability%255B%255D%3DExclude%2BOut%2Bof%2BStock&otracker=categorytree&fm=neo%2Fmerchandising&iid=M_a3a78fbf-424e-4adb-aebb-4bc02b84a7be_2_X1NCR146KC29_MC.SZAYN024BXYW&otracker=hp_rich_navigation_3_2.navigationCard.RICH_NAVIGATION_Electronics~Smart%2BWearables~Smart%2BWatches_SZAYN024BXYW&otracker1=hp_rich_navigation_PINNED_neo%2Fmerchandising_NA_NAV_EXPANDABLE_navigationCard_cc_3_L2_view-all&cid=SZAYN024BXYW","","https://www.flipkart.com/redmi-watch-move-1-85-premium-amoled-14-day-battery-best-accuracy-dual-core-processor-smartwatch/p/itm013acf097d879?pid=SMWHB4YTRWFHFQGY&lid=LSTSMWHB4YTRWFHFQGYP1QQWN&marketplace=FLIPKART&store=ajy%2Fbuh&srno=b_1_35&otracker=browse&otracker1=hp_rich_navigation_PINNED_neo%2Fmerchandising_NA_NAV_EXPANDABLE_navigationCard_cc_3_L2_view-all&fm=organic&iid=en_lAKoqvZ3MaZujEC0TilhQq9Rddi5hD5_N4mnevqfZFoQNEvNhHkD1uAFXx9zej4i7MCrEsgJKRVUsK3yfUZxkonfEY2D5bWfIUmTlXs_oiU%3D&ppt=None&ppn=None&ssid=5sg9g1xd1s0000001756113714393","984 Reviews","0","REDMI Smart Watches","","REDMI Watch Move 1.85 Premium AmoLED,14 Day Battery,Best Accuracy,Dual Core Processor Smartwatch (Silver Sprint Strap, Free Size)","REDMI Watch Move 1.85 Premium AmoLED,14 Day Battery,Best Accuracy,Dual Core Processor Smartwatch  (Silver Sprint Strap, Free Size)","9,261","984","","Segment-Best curved AMOLED AOD Display 1.85 with 600 nits brightness, 390 x 450 resolution, 322 PPI, and a smooth 60Hz refresh rate.Powered by a 300 mAh battery and Xiaomi’s smart power-saving algorithms; Up to 14 days of typical usage and 7 days with AOD on. Quick 10-minute charge equals 2 days of use.Segment best 97% tracking accuracy enabled by Xiaomi’s deep R&D expertise. Monitor heart rate, SpO₂, sleep, stress, steps, calories, and menstrual cycles with 24/7 tracking.Light weight & Quick-release anti-bacterial TPU straps for all-day comfort and easy style swaps. Built to match your lifestyle with a sleek, premium design.IP68 Water & Dust Resistant to save you from sweaty workouts to unexpected rain without worry.Customize your watch with 150+ cloud-based watch faces and your favorite photo as a face. English & Hindi language for personalized experience.With Call FunctionTouchscreenFitness & OutdoorBattery Runtime: Upto 14 days","TBL Online","Meet the Redmi Watch Move – your everyday smart companion with a vivid AMOLED display, 600 nits brightness, and a 2.5D curved design. Enjoy 14-day battery life with just 10 minutes of charging. Track 140+ sports with 97% accurate health monitoring. Navigate effortlessly with a functional crown and express yourself with 200+ watch faces, including India-inspired designs. Stay connected via Bluetooth calling and quick replies. Built for India with Hindi support and IP68 water resistance. Swap stylish, skin-friendly straps in seconds. Powered by Xiaomi HyperOS for smooth UI and smart sync. Made in India, designed to move with you.","https://rukminim2.flixcart.com/image/416/416/xif0q/smartwatch/o/0/m/-original-imahcvwg57ygwrhm.jpeg?q=70&crop=false","","","","Silver Sprint","Silver","Thermo Plastic Polyurethene","46.99 mm","390 x 450 Pixel","AMOLED","Name of contact","1.5 m","Fitness & Outdoor","Android & iOS","Heart Rate Sensor, Blood Oxygen Sensor, Accelerometer","Android & iOS","Yes","Lithium Ion","14 days on typical usage","No","0","10 m","Mute call, Reject call, Answer call","","12 Months","TBL Online","https://rukminim2.flixcart.com/image/416/416/xif0q/smartwatch/o/0/m/-original-imahcvwg57ygwrhm.jpeg?q=70&crop=false"
"1756113813-8","https://www.flipkart.com/wearable-smart-devices/smart-watches/pr?sid=ajy,buh&p[]=facets.rating%255B%255D%3D3%25E2%2598%2585%2B%2526%2Babove&p[]=facets.availability%255B%255D%3DExclude%2BOut%2Bof%2BStock&otracker=categorytree&fm=neo%2Fmerchandising&iid=M_a3a78fbf-424e-4adb-aebb-4bc02b84a7be_2_X1NCR146KC29_MC.SZAYN024BXYW&otracker=hp_rich_navigation_3_2.navigationCard.RICH_NAVIGATION_Electronics~Smart%2BWearables~Smart%2BWatches_SZAYN024BXYW&otracker1=hp_rich_navigation_PINNED_neo%2Fmerchandising_NA_NAV_EXPANDABLE_navigationCard_cc_3_L2_view-all&cid=SZAYN024BXYW","","https://www.flipkart.com/samsung-galaxy-watch7-44mm-lte/p/itmf8bef51645876?pid=SMWH2EHFNQMJHPHC&lid=LSTSMWH2EHFNQMJHPHCAGOZZ1&marketplace=FLIPKART&store=ajy%2Fbuh&srno=b_1_34&otracker=browse&otracker1=hp_rich_navigation_PINNED_neo%2Fmerchandising_NA_NAV_EXPANDABLE_navigationCard_cc_3_L2_view-all&fm=organic&iid=a661c1fe-8986-4f78-86e4-b025f65db72e.SMWH2EHFNQMJHPHC.SEARCH&ppt=None&ppn=None&ssid=5sg9g1xd1s0000001756113714393","208 Reviews","1","Samsung Smart Watches","₹24,999","Samsung Galaxy Watch7 44mm LTE (Green Strap, Large)","Samsung Galaxy Watch7 44mm LTE  (Green Strap, Large)","2,771","208","","Superior Performance with new 3nm Processor & Dual-frequency GPSHigh Precision 2nd gen. BioActive sensorGalaxy AI powered Sleep & Exercise MonitoringHeart Health Full package (BP & ECG monitoring)LTE only connects with samsung devicesWith Call FunctionTouchscreenFitness & Outdoor","BUZZINDIA","Watch 7 features Galaxy AI experience, including enhanced sleep, with a design suitable for fitness and wellness.","https://rukminim2.flixcart.com/image/416/416/xif0q/smartwatch/s/d/n/-original-imahcc49mx4png6v.jpeg?q=70&crop=false","₹39,999","37% off","(2,771)","Green","Green","Rubber","44 mm","480 x 480 Pixel","AMOLED","You can't do that exactly, but you can use the Samsung internet browser to watch YouTube.","50 m","Fitness & Outdoor","Android","Accelerometer, Gyro Sensor, Barometer, Ambient Light, Compass, Temperature","Android Smartphone","Ring & Vibrate","Lithium Ion","Up to 100 hrs","Yes","2","10 m","","1 Year Manufacturer Warranty","1 Year","BUZZINDIA","https://rukminim2.flixcart.com/image/416/416/xif0q/smartwatch/s/d/n/-original-imahcc49mx4png6v.jpeg?q=70&crop=false"
"1756113825-9","https://www.flipkart.com/wearable-smart-devices/smart-watches/pr?sid=ajy,buh&p[]=facets.rating%255B%255D%3D3%25E2%2598%2585%2B%2526%2Babove&p[]=facets.availability%255B%255D%3DExclude%2BOut%2Bof%2BStock&otracker=categorytree&fm=neo%2Fmerchandising&iid=M_a3a78fbf-424e-4adb-aebb-4bc02b84a7be_2_X1NCR146KC29_MC.SZAYN024BXYW&otracker=hp_rich_navigation_3_2.navigationCard.RICH_NAVIGATION_Electronics~Smart%2BWearables~Smart%2BWatches_SZAYN024BXYW&otracker1=hp_rich_navigation_PINNED_neo%2Fmerchandising_NA_NAV_EXPANDABLE_navigationCard_cc_3_L2_view-all&cid=SZAYN024BXYW","","https://www.flipkart.com/gamesir-h9-black-a1-full-screen-touch-watch-specially-made-girl-women-smartwatch/p/itmd29f318b0cb40?pid=SMWH3YHGQGGG26GE&lid=LSTSMWH3YHGQGGG26GEDSJHRS&marketplace=FLIPKART&store=ajy%2Fbuh&srno=b_1_33&otracker=browse&otracker1=hp_rich_navigation_PINNED_neo%2Fmerchandising_NA_NAV_EXPANDABLE_navigationCard_cc_3_L2_view-all&fm=organic&iid=a661c1fe-8986-4f78-86e4-b025f65db72e.SMWH3YHGQGGG26GE.SEARCH&ppt=None&ppn=None&ssid=5sg9g1xd1s0000001756113714393","76 Reviews","5","GameSir Smart Watches","₹867","GameSir H9 Black-A1 Full Screen Touch Watch Specially Made for Girl & Women Smartwatch (Black Strap, 2.01 Inch Full Screen Display)","GameSir H9 Black-A1 Full Screen Touch Watch Specially Made for Girl & Women Smartwatch  (Black Strap, 2.01 Inch Full Screen Display)","2,338","76","3 Month of Manufacturing Warranty","With Call FunctionTouchscreenFitness & OutdoorBattery Runtime: Upto 3 days","IRC INNOVATIONS","Step Counting/Distance/Calories/Heart Rate/Blood Pressure/Bluetooth Call/Bluetooth Music/Sleep Monitoring/Call Reminder/SMS

Reminder/Social App Message Reminder/Alarm Clock Reminder/Sedentary Reminder/More Exercise/Wrist Turn Bright Screen/Find
Bracelet/Find Mobile Phone/Remote Photo/Do Not Disturb Mode/Custom Dial","https://rukminim2.flixcart.com/image/416/416/xif0q/smartwatch/h/a/q/49-h9-black-98-android-ios-gamesir-yes-original-imah3yk6hb2ghmcc.jpeg?q=70&crop=false","₹3,999","78% off","(2,338)","Black","Black","Silicone","49 mm","300X200 pixel","IPS TFT","no","0.5 m","Fitness & Outdoor","Android & iOS","Fitness Health Sports Real time Track and Accurate answer","","Whatsapp, Text, Facebook,","Lithium Polymer","3 Days Battery after Proper use","No","3","10 m","Make Calls, Receive Calls, Mute & Reject Calls, Pick Calls, Mobile like dial, Contacts by NAME","3 Month of Manufacturing Warranty","3 Months","IRC INNOVATIONS","https://rukminim2.flixcart.com/image/416/416/xif0q/smartwatch/h/a/q/49-h9-black-98-android-ios-gamesir-yes-original-imah3yk6hb2ghmcc.jpeg?q=70&crop=false"
"1756113835-10","https://www.flipkart.com/wearable-smart-devices/smart-watches/pr?sid=ajy,buh&p[]=facets.rating%255B%255D%3D3%25E2%2598%2585%2B%2526%2Babove&p[]=facets.availability%255B%255D%3DExclude%2BOut%2Bof%2BStock&otracker=categorytree&fm=neo%2Fmerchandising&iid=M_a3a78fbf-424e-4adb-aebb-4bc02b84a7be_2_X1NCR146KC29_MC.SZAYN024BXYW&otracker=hp_rich_navigation_3_2.navigationCard.RICH_NAVIGATION_Electronics~Smart%2BWearables~Smart%2BWatches_SZAYN024BXYW&otracker1=hp_rich_navigation_PINNED_neo%2Fmerchandising_NA_NAV_EXPANDABLE_navigationCard_cc_3_L2_view-all&cid=SZAYN024BXYW","","https://www.flipkart.com/melbon-h20-bluetooth-calling-phone-book-music-control-voice-assis-1-earpods-smartwatch/p/itm2a5356f959935?pid=SMWGUB7ZAASTCGGT&lid=LSTSMWGUB7ZAASTCGGTARVXA3&marketplace=FLIPKART&store=ajy%2Fbuh&srno=b_1_32&otracker=browse&otracker1=hp_rich_navigation_PINNED_neo%2Fmerchandising_NA_NAV_EXPANDABLE_navigationCard_cc_3_L2_view-all&fm=organic&iid=en_lAKoqvZ3MaZujEC0TilhQq9Rddi5hD5_N4mnevqfZFqyXSgrU_avmM2MOtEkwMJlzspM67eDqvOYpy0SY7ZgHw%3D%3D&ppt=None&ppn=None&ssid=5sg9g1xd1s0000001756113714393","26 Reviews","1","Melbon Smart Watches","₹1,338","Melbon H20 Bluetooth calling, Phone Book,Music Control,Voice assis. with 1- earpods Smartwatch (Pink Strap, 2.19 Inch HD Display)","Melbon H20 Bluetooth calling, Phone Book,Music Control,Voice assis. with 1- earpods Smartwatch  (Pink Strap, 2.19 Inch HD Display)","700","26","3 Month of Manufacturing Warranty","With Call FunctionTouchscreenHealth & Medical, Fitness & Outdoor, Notifier, Safety & Security, WatchphoneBattery Runtime: Upto 3 days","GAMESIR","[Larger 2.19” HD Display] A simple yet spectacular display, 2.19” of screen area to give you a complete look at your everyday smart essentials even under bright sunlight. Ignite WAVE ASTRA is a great starters smart companion and a must have smartwatch for both men & women. 2.19 Inch HD Display, Heart Rate Monitor, BP & Sleep Monitoring , In-Built Games, Alerts & Call Notifications, 100+, 7 Days Sleeps Data, 24 Hrs HR Tracking, Theater Mode, Multi Sports Modes, Camera Control, 2 Days Battery /////----- Games smartwatch Fitness tracker Activity tracker Sleep tracker Music player Camera","https://rukminim2.flixcart.com/image/416/416/xif0q/smartwatch/d/g/6/50-h20-ac-android-ios-melbon-yes-original-imah7jzcaycaerrv.jpeg?q=70&crop=false","₹4,999","73% off","(700)","Pink","Pink","Silicone","50 mm","420*420 pixel","Super AMOLED","no","0.5 m","Health & Medical, Fitness & Outdoor, Notifier, Safety & Security, Watchphone","Android & iOS","Heart rate monitoring
Pedometer
calorie consumption
Exercise mileage record
Sedentary reminder
Sleep Monitoring
Blood pressure monitor
Weather Forecast","All Android & IOS","","Lithium Polymer","2 Days Battery after proper used","No","2","10 m","Take call, make calls, mute calls, reject calls, SOS calls, Speed dial calls","3 Month of Manufacturing Warranty","3 Months","GAMESIR","https://rukminim2.flixcart.com/image/416/416/xif0q/smartwatch/d/g/6/50-h20-ac-android-ios-melbon-yes-original-imah7jzcaycaerrv.jpeg?q=70&crop=false"
"1756113845-11","https://www.flipkart.com/wearable-smart-devices/smart-watches/pr?sid=ajy,buh&p[]=facets.rating%255B%255D%3D3%25E2%2598%2585%2B%2526%2Babove&p[]=facets.availability%255B%255D%3DExclude%2BOut%2Bof%2BStock&otracker=categorytree&fm=neo%2Fmerchandising&iid=M_a3a78fbf-424e-4adb-aebb-4bc02b84a7be_2_X1NCR146KC29_MC.SZAYN024BXYW&otracker=hp_rich_navigation_3_2.navigationCard.RICH_NAVIGATION_Electronics~Smart%2BWearables~Smart%2BWatches_SZAYN024BXYW&otracker1=hp_rich_navigation_PINNED_neo%2Fmerchandising_NA_NAV_EXPANDABLE_navigationCard_cc_3_L2_view-all&cid=SZAYN024BXYW","","https://www.flipkart.com/nervfit-vibe-1-85-truecolor-super-hd-bt-calls-waterproof-hr-bp-sleep-tracking-smartwatch/p/itm75e673b1d5816?pid=SMWH89APBHGNMS3M&lid=LSTSMWH89APBHGNMS3MXSPAZB&marketplace=FLIPKART&store=ajy%2Fbuh&srno=b_1_31&otracker=browse&otracker1=hp_rich_navigation_PINNED_neo%2Fmerchandising_NA_NAV_EXPANDABLE_navigationCard_cc_3_L2_view-all&fm=organic&iid=en_lAKoqvZ3MaZujEC0TilhQq9Rddi5hD5_N4mnevqfZFrKduWnCwhU83uc93AGzQR0wr5lKFZfpRqfJgacnbmTEw%3D%3D&ppt=None&ppn=None&ssid=5sg9g1xd1s0000001756113714393","83 Reviews","0","Nervfit Smart Watches","₹1,525","Nervfit Vibe 1.85"" TrueColor+ Super HD, BT Calls, Waterproof, HR, BP, Sleep tracking Smartwatch (Cloud Grey Strap, Free size)","Nervfit Vibe 1.85"" TrueColor+ Super HD, BT Calls, Waterproof, HR, BP, Sleep tracking Smartwatch  (Cloud Grey Strap, Free size)","323","83","6 months out of the box and another 6 months on registration at brand site within 30 days of purchase.","With Call FunctionTouchscreenFitness & Outdoor, Health & Medical, NotifierBattery Runtime: Upto 5 days","BluemorphBrands","Stay ahead of your fitness and lifestyle goals with the Nervfit Vibe Smartwatch. This premium smart watch offers a host of features, perfect for everyday use and fitness tracking. Its 1.85"" TrueColor+ LED Display with 240x284 resolution delivers stunning clarity and vibrant visuals. With IP67 waterproof protection, you can confidently wear it during workouts, outdoor activities, and even in the rain.

The Nervfit Vibe boasts powerful health tracking capabilities, including heart rate monitoring, blood oxygen detection, stress testing, sleep monitoring, and a pedometer to track steps, calories burned, and mileage. It’s your perfect fitness companion, keeping you in the loop with real-time updates.

This smartwatch goes beyond health tracking, offering Bluetooth call support—make, answer, and reject calls directly from your wrist. It syncs seamlessly with your smartphone via an intuitive mobile app to bring weather forecasts, music controls, and even remote camera functionality to your wrist. With a 5 day battery life and a standby time of up to 25 days, you won’t need to worry about frequent recharges, thanks to its fast magnetic charging.

Built from durable materials like ABS+PC bottom shell, Metal case and aluminium alloy button, and a stylish silica gel strap, the Nervfit Vibe delivers both elegance and endurance. Customize your experience with features like alarm clock, Do Not Disturb mode, power-saving mode, and 4 interactive games for casual fun.","https://rukminim2.flixcart.com/image/416/416/xif0q/smartwatch/o/9/w/1-85-nfw700222-android-ios-nervfit-yes-original-imahcyes8xgscdzj.jpeg?q=70&crop=false","₹7,999","80% off","(323)","Cloud Grey","Grey","Silicone","1.85 Inch","240X284 pixel","LED","Dafit and soon this can be connected with Nervfit app also.","5 m","Fitness & Outdoor, Health & Medical, Notifier","Android & iOS","Accelerometer, PPG, G Sensor","Smartphones, Tablets, Android & iOS devices","","Lithium Polymer","5 days","No","0","10 m","Answer/Reject Calls, Dial Calls, Talk via Watch, Call Logs","6 months out of the box and another 6 months on registration at brand site within 30 days of purchase.","1 Year","BluemorphBrands","https://rukminim2.flixcart.com/image/416/416/xif0q/smartwatch/o/9/w/1-85-nfw700222-android-ios-nervfit-yes-original-imahcyes8xgscdzj.jpeg?q=70&crop=false"
"1756113856-12","https://www.flipkart.com/wearable-smart-devices/smart-watches/pr?sid=ajy,buh&p[]=facets.rating%255B%255D%3D3%25E2%2598%2585%2B%2526%2Babove&p[]=facets.availability%255B%255D%3DExclude%2BOut%2Bof%2BStock&otracker=categorytree&fm=neo%2Fmerchandising&iid=M_a3a78fbf-424e-4adb-aebb-4bc02b84a7be_2_X1NCR146KC29_MC.SZAYN024BXYW&otracker=hp_rich_navigation_3_2.navigationCard.RICH_NAVIGATION_Electronics~Smart%2BWearables~Smart%2BWatches_SZAYN024BXYW&otracker1=hp_rich_navigation_PINNED_neo%2Fmerchandising_NA_NAV_EXPANDABLE_navigationCard_cc_3_L2_view-all&cid=SZAYN024BXYW","","https://www.flipkart.com/fastrack-revoltt-xr1-1-38-bt-calling-fast-charge-100-sports-mode-ip68-calculator-fashion-smartwatch/p/itm470880e507472?pid=SMWH3PYZTJQGMHFH&lid=LSTSMWH3PYZTJQGMHFHDHNBXS&marketplace=FLIPKART&store=ajy%2Fbuh&srno=b_1_30&otracker=browse&otracker1=hp_rich_navigation_PINNED_neo%2Fmerchandising_NA_NAV_EXPANDABLE_navigationCard_cc_3_L2_view-all&fm=organic&iid=a661c1fe-8986-4f78-86e4-b025f65db72e.SMWH3PYZTJQGMHFH.SEARCH&ppt=None&ppn=None&ssid=5sg9g1xd1s0000001756113714393","3,297 Reviews","1","Fastrack Smart Watches","","Fastrack Revoltt XR1-1.38|BT Calling|Fast Charge|100+ Sports Mode|IP68|Calculator|Fashion Smartwatch (Black Strap, Free Size)","Fastrack Revoltt XR1-1.38|BT Calling|Fast Charge|100+ Sports Mode|IP68|Calculator|Fashion Smartwatch  (Black Strap, Free Size)","74,320","3,297","","Fastrack Revoltt XR1 comes with a 1.38' UltraVU HD Display with Bright Pixel Resolution and comes in brand new amazing coloursSingleSync BT Calling with Advanced Chipset,Favourite Contacts Storage & Quick Replies (Android)Handy Features like AI Voice Assistant ,Calculator,Built-In Games,Music and Camera Control,Smart Notifications,Weather Display and much moreComprehensive Health Suite with One Click Health Measurement and 24x7 HRM,Auto Stress Monitor,SpO2 Monitor,Sleep Monitor with REMBattery Life of up to 5 Days under Standard Conditions,Battery Life of up to 3 Days with BT CallingWith Call FunctionTouchscreenWith Call FunctionTouchscreenFitness & Outdoor","RetailNet","1.28"" UltraVU Display with Bright Pixel Resolution,SingleSync BT Calling with Advanced Chipset, Calculator, AI Voice Assistant, 100+ Sports Modes, One Click Health Measurement, Auto Stress Monitor, 24x7 Heart Rate Monitor, SpO2 and Sleep Monitor with REM Sleep, Breathe Exercise, Alarm, Stopwatch and Timer, Notifications, Weather Display, Camera and Music Control","https://rukminim2.flixcart.com/image/416/416/xif0q/smartwatch/u/j/k/-original-imagx8ncm5ra8nmg.jpeg?q=70&crop=false","","","","Black","","Silicone","1.38 inch","240 x 240 Pixels","LCD","Yes but finger sensor not working properly","1.5 m","Fitness & Outdoor","Android & iOS","Heart Rate & SpO2","","Ring and Vibration","Lithium Polymer","Upto 5 Days","","3","10 m","Call Answer, Call Reject, Call Mute, Call Notifications, Quick Replies (Android)","1 Year Limited warranty","1 Year","RetailNet","https://rukminim2.flixcart.com/image/416/416/xif0q/smartwatch/u/j/k/-original-imagx8ncm5ra8nmg.jpeg?q=70&crop=false"
"1756113871-13","https://www.flipkart.com/wearable-smart-devices/smart-watches/pr?sid=ajy,buh&p[]=facets.rating%255B%255D%3D3%25E2%2598%2585%2B%2526%2Babove&p[]=facets.availability%255B%255D%3DExclude%2BOut%2Bof%2BStock&otracker=categorytree&fm=neo%2Fmerchandising&iid=M_a3a78fbf-424e-4adb-aebb-4bc02b84a7be_2_X1NCR146KC29_MC.SZAYN024BXYW&otracker=hp_rich_navigation_3_2.navigationCard.RICH_NAVIGATION_Electronics~Smart%2BWearables~Smart%2BWatches_SZAYN024BXYW&otracker1=hp_rich_navigation_PINNED_neo%2Fmerchandising_NA_NAV_EXPANDABLE_navigationCard_cc_3_L2_view-all&cid=SZAYN024BXYW","","https://www.flipkart.com/apple-watch-series-8-41mm-gps-cellular-ecg-app-temperature-sensor-crash-detection/p/itm55e0057073a2e?pid=SMWGHWZ2BYYBGZX8&lid=LSTSMWGHWZ2BYYBGZX8VX1G2F&marketplace=FLIPKART&store=ajy%2Fbuh&srno=b_1_29&otracker=browse&otracker1=hp_rich_navigation_PINNED_neo%2Fmerchandising_NA_NAV_EXPANDABLE_navigationCard_cc_3_L2_view-all&fm=organic&iid=a661c1fe-8986-4f78-86e4-b025f65db72e.SMWGHWZ2BYYBGZX8.SEARCH&ppt=None&ppn=None&ssid=5sg9g1xd1s0000001756113714393","282 Reviews","0","Apple Smart Watches","₹32,999","Apple Watch Series 8, 41mm GPS + Cellular ECG app, Temperature sensor, Crash Detection (Starlight Sport Strap, Regular)","Apple Watch Series 8, 41mm GPS + Cellular ECG app, Temperature sensor, Crash Detection  (Starlight Sport Strap, Regular)","4,281","282","","WHY APPLE WATCH SERIES 8 - Your essential companion for a healthy life is now even more powerful. Advanced sensors provide insights to help you better understand your health. New safety features can get you help when you need it. The bright, Always-On Retina display is easy to read, even when your wrist is down.CELLULAR CONNECTIVITY - Send a text, make a call and stream music without your iPhone.EASILY CUSTOMISABLE - Available in a range of sizes and materials, with dozens of straps to choose from and watch faces with complications tailored to whatever you�re into.INNOVATIVE SAFETY FEATURES - Crash Detection and Fall Detection can automatically connect you with emergency services in the event of a severe car crash or a hard fall. And Emergency SOS provides urgent assistance with the press of a button.With Call FunctionTouchscreenFitness & OutdoorBattery Runtime: Upto 18 hrs","HydtelRETAILSsales","Apple Watch Series 8 features advanced health sensors and apps, so you can take an ECG, measure heart rate and blood oxygen, and track temperature changes for advanced insights into your menstrual cycle. And with Crash Detection, sleep stages tracking and advanced workout metrics, it helps you stay active, healthy, safe and connected.","https://rukminim2.flixcart.com/image/416/416/xif0q/smartwatch/0/p/n/-original-imaghxg3gfavsrym.jpeg?q=70&crop=false","₹55,900","40% off","(4,281)","Starlight Sport","","Silicone","41 mm","352 x 430 Pixels","Retina Display","30 min","50 m","Fitness & Outdoor","iOS","Blood Oxygen Sensor, Electrical Heart Sensor, Optical Heart Sensor (3rd Gen), Altimeter, Compass, Gyroscope, Accelerometer, Ambient Light Sensor","6s or Later with iOS 15 or Later","","Lithium Ion","Upto 18 hours (Based on Usage)","","1","","","1 Year Manufacturer Warranty","1 Year","HydtelRETAILSsales","https://rukminim2.flixcart.com/image/416/416/xif0q/smartwatch/0/p/n/-original-imaghxg3gfavsrym.jpeg?q=70&crop=false"
"1756113881-14","https://www.flipkart.com/wearable-smart-devices/smart-watches/pr?sid=ajy,buh&p[]=facets.rating%255B%255D%3D3%25E2%2598%2585%2B%2526%2Babove&p[]=facets.availability%255B%255D%3DExclude%2BOut%2Bof%2BStock&otracker=categorytree&fm=neo%2Fmerchandising&iid=M_a3a78fbf-424e-4adb-aebb-4bc02b84a7be_2_X1NCR146KC29_MC.SZAYN024BXYW&otracker=hp_rich_navigation_3_2.navigationCard.RICH_NAVIGATION_Electronics~Smart%2BWearables~Smart%2BWatches_SZAYN024BXYW&otracker1=hp_rich_navigation_PINNED_neo%2Fmerchandising_NA_NAV_EXPANDABLE_navigationCard_cc_3_L2_view-all&cid=SZAYN024BXYW","","https://www.flipkart.com/noise-pulse-3-1-96-display-bt-calling-100-sports-modes-150-watchfaces-smartwatch/p/itm7ddfa145db2f9?pid=SMWH889NNEMRGYH9&lid=LSTSMWH889NNEMRGYH9YS3ZIZ&marketplace=FLIPKART&store=ajy%2Fbuh&srno=b_1_28&otracker=browse&otracker1=hp_rich_navigation_PINNED_neo%2Fmerchandising_NA_NAV_EXPANDABLE_navigationCard_cc_3_L2_view-all&fm=organic&iid=en_lAKoqvZ3MaZujEC0TilhQq9Rddi5hD5_N4mnevqfZFp4T5Mb32psq4si0_uk-vArObkU_RJDtIanvW8MDGTyWEKsf8s6I2Oz2HOgbXTo_9U%3D&ppt=None&ppn=None&ssid=5sg9g1xd1s0000001756113714393","3,868 Reviews","4","Noise Smart Watches","","Noise Pulse 3 1.96'' Display, BT Calling, 100 Sports Modes, 150+ Watchfaces Smartwatch (Midnight Black Strap, Regular)","Noise Pulse 3 1.96'' Display, BT Calling, 100 Sports Modes, 150+ Watchfaces Smartwatch  (Midnight Black Strap, Regular)","70,867","3,868","","With Call FunctionTouchscreenFitness & OutdoorBattery Runtime: Upto 7 days","RetailNet","","https://rukminim2.flixcart.com/image/416/416/xif0q/smartwatch/n/m/6/27-t800-ultra-smartwatch-ap036-android-ios-bexcel-yes-original-imah8bgywg4aksun.jpeg?q=70&crop=false","","","","Midnight Black","Black","Silicone","49.784 mm","240 x 282 pixel","TFT","Yes","1.5 m","Fitness & Outdoor","Android & iOS","Heart Rate, SpO2","","","","Upto 7 days","","10","10 m","","1 Year Warranty from the date of purchase","1 Year","RetailNet","https://rukminim2.flixcart.com/image/416/416/xif0q/smartwatch/n/m/6/27-t800-ultra-smartwatch-ap036-android-ios-bexcel-yes-original-imah8bgywg4aksun.jpeg?q=70&crop=false"
"1756113892-15","https://www.flipkart.com/wearable-smart-devices/smart-watches/pr?sid=ajy,buh&p[]=facets.rating%255B%255D%3D3%25E2%2598%2585%2B%2526%2Babove&p[]=facets.availability%255B%255D%3DExclude%2BOut%2Bof%2BStock&otracker=categorytree&fm=neo%2Fmerchandising&iid=M_a3a78fbf-424e-4adb-aebb-4bc02b84a7be_2_X1NCR146KC29_MC.SZAYN024BXYW&otracker=hp_rich_navigation_3_2.navigationCard.RICH_NAVIGATION_Electronics~Smart%2BWearables~Smart%2BWatches_SZAYN024BXYW&otracker1=hp_rich_navigation_PINNED_neo%2Fmerchandising_NA_NAV_EXPANDABLE_navigationCard_cc_3_L2_view-all&cid=SZAYN024BXYW","","https://www.flipkart.com/morden-h20-7-one-combo-gift-pack-bluetooth-calling-health-fitness-game-smartwatch/p/itmca2c29ab4c398?pid=SMWGU5EQWZTMNX57&lid=LSTSMWGU5EQWZTMNX573JSXDZ&marketplace=FLIPKART&store=ajy%2Fbuh&srno=b_1_27&otracker=browse&otracker1=hp_rich_navigation_PINNED_neo%2Fmerchandising_NA_NAV_EXPANDABLE_navigationCard_cc_3_L2_view-all&fm=organic&iid=en_lAKoqvZ3MaZujEC0TilhQq9Rddi5hD5_N4mnevqfZFrDBRcUZSquQ1zeBI7uHIKs9OtMTrD4_c5uuHaj-x8prg%3D%3D&ppt=None&ppn=None&ssid=5sg9g1xd1s0000001756113714393","47 Reviews","0","MORDEN Smart Watches","₹1,299","MORDEN H20 7 In One combo gift pack Bluetooth calling, Health and fitness. Game, Smartwatch (Black Strap, Free Size)","MORDEN H20 7 In One combo gift pack Bluetooth calling, Health and fitness. Game, Smartwatch  (Black Strap, Free Size)","1,261","47","3 month warranty","With Call FunctionTouchscreenFitness & Outdoor, Notifier, Watchphone, Health & MedicalBattery Runtime: Upto 5 days","BellstarTradingPvtLtd","MORDEN H20 7 In One combo 2 Inch Side to side display ( NO Square Display ) Bluetooth Calling Touch Watch ( 5 Days Battery after proper use ) ( Voice assistance Fitness Health Sports G-Sensor SPO2 (IP67 Water resistance ) Metal & Plastic Body ( Crown Button ) ( 500 Nits accurate Color ) Wireless Charger Luxury Design Newly Launch ( Music Play ) DATE TIME Weather ( Camera Click Picture direct Operate by smartwatch","https://rukminim2.flixcart.com/image/416/416/xif0q/smartwatch/4/f/z/49-7-in-one-combo-smartwatch-gift-pack-android-ios-morden-yes-original-imahdbcyhngtgdph.jpeg?q=70&crop=false","₹4,999","74% off","(1,261)","Black","Gold","Stainless steel","49 mm","300X400 pixel","AMOLED","yes you can operate music and play game","0.5 m","Fitness & Outdoor, Notifier, Watchphone, Health & Medical","Android & iOS","Fitness Health Sports G-sensor","","Call Notification, Social App Notification (WeChat, Facebook, WhatsApp), View the full notification., Reply to a text message., Accept or decline a call., Mark a notification as read., Clear all notifications.","Lithium Polymer","3 Days after proper use and Normal Use 7 Days","No","0","10 m","Take call, make calls, mute calls, reject calls, SOS calls, Speed dial calls","3 month warranty","3 Months","BellstarTradingPvtLtd","https://rukminim2.flixcart.com/image/416/416/xif0q/smartwatch/4/f/z/49-7-in-one-combo-smartwatch-gift-pack-android-ios-morden-yes-original-imahdbcyhngtgdph.jpeg?q=70&crop=false"
"1756113903-16","https://www.flipkart.com/wearable-smart-devices/smart-watches/pr?sid=ajy,buh&p[]=facets.rating%255B%255D%3D3%25E2%2598%2585%2B%2526%2Babove&p[]=facets.availability%255B%255D%3DExclude%2BOut%2Bof%2BStock&otracker=categorytree&fm=neo%2Fmerchandising&iid=M_a3a78fbf-424e-4adb-aebb-4bc02b84a7be_2_X1NCR146KC29_MC.SZAYN024BXYW&otracker=hp_rich_navigation_3_2.navigationCard.RICH_NAVIGATION_Electronics~Smart%2BWearables~Smart%2BWatches_SZAYN024BXYW&otracker1=hp_rich_navigation_PINNED_neo%2Fmerchandising_NA_NAV_EXPANDABLE_navigationCard_cc_3_L2_view-all&cid=SZAYN024BXYW","","https://www.flipkart.com/gamesir-t800-ultra-metal-silver-smartwatch-bluetooth-fitness-heart-rate-tracking/p/itmfb5e9269e409f?pid=SMWH78GVUGYGD7HQ&lid=LSTSMWH78GVUGYGD7HQ51GJEX&marketplace=FLIPKART&store=ajy%2Fbuh&srno=b_1_26&otracker=browse&otracker1=hp_rich_navigation_PINNED_neo%2Fmerchandising_NA_NAV_EXPANDABLE_navigationCard_cc_3_L2_view-all&fm=organic&iid=a661c1fe-8986-4f78-86e4-b025f65db72e.SMWH78GVUGYGD7HQ.SEARCH&ppt=None&ppn=None&ssid=5sg9g1xd1s0000001756113714393","60 Reviews","","GameSir Smart Watches","₹849","GameSir T800 Ultra Metal Silver Smartwatch with Bluetooth, Fitness & Heart Rate Tracking Smartwatch (Silver Metal Strap, Free Size)","GameSir T800 Ultra Metal Silver Smartwatch with Bluetooth, Fitness & Heart Rate Tracking Smartwatch  (Silver Metal Strap, Free Size)","1,358","60","3 month warranty","With Call FunctionTouchscreenFitness & Outdoor, Notifier, Watchphone, Health & MedicalBattery Runtime: Upto 3 days","IRC INNOVATIONS","Stay connected and entertained on the go with the Gamesir T800 BT Watch. This smartwatch combines functionality with style, featuring a 1.83-inch sunlight-proof display that ensures clear visibility even in bright outdoor conditions. Whether you're enjoying music or staying updated with notifications from apps like Instagram and WhatsApp, the T800 BT Watch keeps you informed and entertained throughout the day.","https://rukminim2.flixcart.com/image/416/416/xif0q/smartwatch/h/w/2/49-t800-ultra-metal-silver-android-ios-gamesir-yes-original-imah7rfhggzfhkmg.jpeg?q=70&crop=false","₹3,999","78% off","(1,358)","Silver Metal","Silver","Stainless steel","49 mm","360*360 pixel","AMOLED","","0.5 m","Fitness & Outdoor, Notifier, Watchphone, Health & Medical","Android & iOS","Fitness Health Sports G-sensor","All Smart Phones & iOS","","Lithium Polymer","3 Days after proper use and Normal Use 7 Days","No","","10 m","Take Calls, Reject, Missed Calls, Dial Pad, Contacts","3 month warranty","3 Months","IRC INNOVATIONS","https://rukminim2.flixcart.com/image/416/416/xif0q/smartwatch/h/w/2/49-t800-ultra-metal-silver-android-ios-gamesir-yes-original-imah7rfhggzfhkmg.jpeg?q=70&crop=false"
"1756113913-17","https://www.flipkart.com/wearable-smart-devices/smart-watches/pr?sid=ajy,buh&p[]=facets.rating%255B%255D%3D3%25E2%2598%2585%2B%2526%2Babove&p[]=facets.availability%255B%255D%3DExclude%2BOut%2Bof%2BStock&otracker=categorytree&fm=neo%2Fmerchandising&iid=M_a3a78fbf-424e-4adb-aebb-4bc02b84a7be_2_X1NCR146KC29_MC.SZAYN024BXYW&otracker=hp_rich_navigation_3_2.navigationCard.RICH_NAVIGATION_Electronics~Smart%2BWearables~Smart%2BWatches_SZAYN024BXYW&otracker1=hp_rich_navigation_PINNED_neo%2Fmerchandising_NA_NAV_EXPANDABLE_navigationCard_cc_3_L2_view-all&cid=SZAYN024BXYW","","https://www.flipkart.com/nervfit-myclnq-pulse-1-83-display-bt-calls-waterproof-hr-bp-sleep-5day-battery-smartwatch/p/itm1a3009814d00f?pid=SMWH9RZCC8SPZTCY&lid=LSTSMWH9RZCC8SPZTCYUOLTXY&marketplace=FLIPKART&store=ajy%2Fbuh&srno=b_1_25&otracker=browse&otracker1=hp_rich_navigation_PINNED_neo%2Fmerchandising_NA_NAV_EXPANDABLE_navigationCard_cc_3_L2_view-all&fm=organic&iid=en_lAKoqvZ3MaZujEC0TilhQq9Rddi5hD5_N4mnevqfZFouF7RZduqcYmVz3UfmWjm8kQC8wUZ-256FO3EK1YuUww%3D%3D&ppt=None&ppn=None&ssid=5sg9g1xd1s0000001756113714393","28 Reviews","1","Nervfit Smart Watches","₹990","Nervfit MyCLNQ Pulse 1.83"" Display, BT Calls, Waterproof, HR/BP/Sleep, 5Day Battery Smartwatch (Midnight Black Strap, Free size)","Nervfit MyCLNQ Pulse 1.83"" Display, BT Calls, Waterproof, HR/BP/Sleep, 5Day Battery Smartwatch  (Midnight Black Strap, Free size)","128","28","","With Call FunctionTouchscreenFitness & Outdoor, Health & Medical, NotifierBattery Runtime: Upto 5 days","BluemorphBrands","Stay ahead of your fitness and lifestyle goals with the Nervfit MyCLNQ Pulse Smartwatch. This premium smart watch offers a host of features, perfect for everyday use and fitness tracking. Its 1.83"" LED Display with 240x284 resolution delivers stunning clarity and vibrant visuals. With IP67 waterproof protection, you can confidently wear it during workouts, outdoor activities, and even in the rain.

The Nervfit MyCLNQ Pulse boasts powerful health tracking capabilities, including heart rate monitoring, blood oxygen detection, stress testing, sleep monitoring, and a pedometer to track steps, calories burned, and mileage. It’s your perfect fitness companion, keeping you in the loop with real-time updates.

This smartwatch goes beyond health tracking, offering Bluetooth call support—make, answer, and reject calls directly from your wrist. It syncs seamlessly with your smartphone via an intuitive mobile app to bring weather forecasts, music controls, and even remote camera functionality to your wrist. With a 3-5 day battery life and a standby time of up to 20 days, you won’t need to worry about frequent recharges, thanks to its fast magnetic charging.

Built from durable materials like ABS+PC with aluminium alloy button, and a stylish silica gel strap, the Nervfit Vibe delivers both elegance and endurance. Customize your experience with features like alarm clock, Do Not Disturb mode, power-saving mode, and 4 interactive games for casual fun.

Upgrade your style quotient and fitness with the Nervfit MyCLNQ Pulse.","https://rukminim2.flixcart.com/image/416/416/xif0q/smartwatch/u/x/i/1-85-nfw700221-android-ios-nervfit-yes-original-imaheegzjhgw9zx5.jpeg?q=70&crop=false","₹7,999","87% off","(128)","Midnight Black","Black","Silicone","1.85 Inch","240X284 pixel","LED","Yes","5 m","Fitness & Outdoor, Health & Medical, Notifier","Android & iOS","Accelerometer, PPG, G Sensor","Smartphones, Tablets, Android & iOS devices","","Lithium Polymer","5 days","No","0","10 m","Answer/Reject Calls, Dial Calls, Talk via Watch, Call Logs","","1 Year","BluemorphBrands","https://rukminim2.flixcart.com/image/416/416/xif0q/smartwatch/u/x/i/1-85-nfw700221-android-ios-nervfit-yes-original-imaheegzjhgw9zx5.jpeg?q=70&crop=false"
"1756116632-18","https://www.flipkart.com/wearable-smart-devices/smart-watches/pr?sid=ajy,buh&p[]=facets.rating%255B%255D%3D3%25E2%2598%2585%2B%2526%2Babove&p[]=facets.availability%255B%255D%3DExclude%2BOut%2Bof%2BStock&otracker=categorytree&fm=neo%2Fmerchandising&iid=M_a3a78fbf-424e-4adb-aebb-4bc02b84a7be_2_X1NCR146KC29_MC.SZAYN024BXYW&otracker=hp_rich_navigation_3_2.navigationCard.RICH_NAVIGATION_Electronics~Smart%2BWearables~Smart%2BWatches_SZAYN024BXYW&otracker1=hp_rich_navigation_PINNED_neo%2Fmerchandising_NA_NAV_EXPANDABLE_navigationCard_cc_3_L2_view-all&cid=SZAYN024BXYW","","https://www.flipkart.com/fire-boltt-dream-wristphone-4g-sim-lte-wifi-android-os-play-store-unlimited-apps-gps-smartwatch/p/itm0d2a8ac46ee3e?pid=SMWGVVTNBNMS35RA&lid=LSTSMWGVVTNBNMS35RAY9IHLR&marketplace=FLIPKART&store=ajy%2Fbuh&srno=b_1_24&otracker=browse&otracker1=hp_rich_navigation_PINNED_neo%2Fmerchandising_NA_NAV_EXPANDABLE_navigationCard_cc_3_L2_view-all&fm=organic&iid=a661c1fe-8986-4f78-86e4-b025f65db72e.SMWGVVTNBNMS35RA.SEARCH&ppt=None&ppn=None&ssid=5sg9g1xd1s0000001756113714393","5,184 Reviews","0","Fire-Boltt Smart Watches","₹3,799","Fire-Boltt Dream WristPhone - 4G SIM/LTE/WiFi, Android OS, Play store unlimited apps, GPS Smartwatch (Sky Sizzle Strap, Free Size)","Fire-Boltt Dream WristPhone - 4G SIM/LTE/WiFi, Android OS, Play store unlimited apps, GPS Smartwatch  (Sky Sizzle Strap, Free Size)","26,305","5,184","1 Year WarrantyKnow More","WristPhone - The first Android wristphone where your favourite smartphone features converge on your wrist. From crystal-clear calls to browsing through apps, this 2.02 wristphone redefines convenience.4G LTE nano-SIM + WiFi: Superior connectivity that supports all telecom operators, ensuring you can make or take calls directly from your wrist.Android OS-Fire OS: Explore limitless possibilities. Sign in to your Google account and download your favourite apps from the millions of apps waiting to be downloaded in the Play Store.Inbuilt keyboard & voice input: The user-friendly interface of the keyboard makes messaging a breeze, the voice commands add a touch of futuristic convenience, while the inbuilt speaker delivers crisp audio.Tech specs: An advanced tech marvel with Cortex Quad Core CPU, Mali GPU, 2GB RAM, 16GB storage, 4G SIM/LTE/WiFi connectivity, 4G Nano SIM, and 800mAh battery.Navigate using GPS, connect your TWS via Bluetooth, transfer data, power through your dayWith Call FunctionTouchscreenFitness & Outdoor, Health & MedicalBattery Runtime: Upto 3 days","RetailNet","The Fire-Boltt Dream smartwatch is what dreams look like on your wrist. The futuristic design of this smartwatch is equipped with 4G connectivity allowing you to breeze through apps and calls. You can get more than 1000 apps on this smartwatch, enabling you to take control of your necessities through it without the need for a smartphone. Thanks to its 800 MAh battery, you can enjoy the long-lasting battery life of this smartwatch. The large 5.1 cm (2.02) CrystalView display of this smartwatch allows you to see the screen even in broad daylight. This smartwatch is IP67 water resistant allowing you to wear it during the rainy season and to your workout sessions.","https://rukminim2.flixcart.com/image/416/416/xif0q/smartwatch/o/u/f/-original-imagwyuytmvp7xvg.jpeg?q=70&crop=false","₹24,999","84% off","(26,305)","Sky Sizzle","Grey","Silicone","51.308 mm","320 x 386 Pixels","IPS HD","Every thing like android mobile","1 m","Fitness & Outdoor, Health & Medical","Android","Heart Rate Sensor","","Vibration & Ring","Lithium Ion","Upto 4 hours","","7","10 m","Reject Calls, Answer Calls","1 Year Warranty","1 Year","RetailNet","https://rukminim2.flixcart.com/image/416/416/xif0q/smartwatch/o/u/f/-original-imagwyuytmvp7xvg.jpeg?q=70&crop=false"
