product_url,brand,breadcrumb,care_instructions,category,color,description,material,price,product_name,rating,scraped_at,size,unique_id
https://www.marksandspencer.com/fleece-ribbed-throw/p/hbp60760685?color=CHOCOLATE#intid=plpnav_swatch|pid_pg1pip48g2r8c1%7Cprodflag_New,M&S Collection,"Home, Home & Furniture, Home Furnishings, Throws",Hand Wash,Throws, Chocolate,"Plush fleece with a ribbed texture makes this rectangular throw irresistibly cosy. The soft fabric is perfect for snuggling on chilly evenings, while the lightweight design makes it easy to drape over a sofa, armchair or bed.",polyester,19.50 - 39.50,Fleece Ribbed Throw,Not found,2025-09-11 12:23:06.716,"Medium, Large, Extra Large",T471040D
https://www.marksandspencer.com/fleece-ribbed-throw/p/hbp60760685?color=NAVY#intid=plpnav_swatch|pid_pg1pip48g2r17c1%7Cprodflag_New,M&S Collection,"Home, Home & Furniture, Home Furnishings, Throws",Hand Wash,Throws, Navy,"Plush fleece with a ribbed texture makes this rectangular throw irresistibly cosy. The soft fabric is perfect for snuggling on chilly evenings, while the lightweight design makes it easy to drape over a sofa, armchair or bed.",polyester,19.50 - 39.50,Fleece Ribbed Throw,Not found,2025-09-11 12:23:07.323,"Medium, Large, Extra Large",T471040D
https://www.marksandspencer.com/fleece-ribbed-throw/p/hbp60760685?color=OLIVE#intid=plpnav_swatch|pid_pg1pip48g2r17c1%7Cprodflag_New,M&S Collection,"Home, Home & Furniture, Home Furnishings, Throws",Hand Wash,Throws, Olive,"Plush fleece with a ribbed texture makes this rectangular throw irresistibly cosy. The soft fabric is perfect for snuggling on chilly evenings, while the lightweight design makes it easy to drape over a sofa, armchair or bed.",polyester,19.50 - 39.50,Fleece Ribbed Throw,Not found,2025-09-11 12:23:08.196,"Medium, Large, Extra Large",T471040D
https://www.marksandspencer.com/home-for-christmas-3-wick-scented-candle/p/hbp60742030#intid=pid_pg1pip48g2r14c2%7Cprodflag_New,Scentiments™,"Home, Home & Furniture, Home Accessories, Home Fragrance, Candles",Hand Wash,Candles, Red Mix,"Fill your home with a festive scent courtesy of this Home for Christmas three-wick candle from the Scentiments™ collection. It's housed in a glazed ceramic pot and features top notes of citrus, eucalyptus and holly berry. Warm, spicy middle notes combine with rich base notes of vanilla and musk.",Not found,17,Home for Christmas 3 Wick Scented Candle,Not found,2025-09-11 12:23:08.626,,T804056M
https://www.marksandspencer.com/fleece-ribbed-throw/p/hbp60760685?color=OLIVE#intid=plpnav_swatch|pid_pg1pip48g2r12c2%7Cprodflag_New,M&S Collection,"Home, Home & Furniture, Home Furnishings, Throws",Hand Wash,Throws, Olive,"Plush fleece with a ribbed texture makes this rectangular throw irresistibly cosy. The soft fabric is perfect for snuggling on chilly evenings, while the lightweight design makes it easy to drape over a sofa, armchair or bed.",polyester,19.50 - 39.50,Fleece Ribbed Throw,Not found,2025-09-11 12:23:08.846,"Medium, Large, Extra Large",T471040D
https://www.marksandspencer.com/reactive-glaze-cereal-bowl/p/hbp60750550#intid=pid_pg1pip48g2r19c1%7Cprodflag_New,M&S Collection,"Home, Home & Furniture, Tableware, Bowls",Hand Wash,Bowls, Khaki,•,Not found,6,Reactive Glaze Cereal Bowl,Not found,2025-09-11 12:23:09.080,,T348728E
https://www.marksandspencer.com/half-metal-ring-wreath/p/hbp60749443#intid=pid_pg1pip48g2r4c1%7Cprodflag_New,M&S Collection,"Home, Christmas, Christmas Decorations, Christmas Wreaths",Hand Wash,Christmas Wreaths, Green Mix,•,Not found,22,Half Metal Ring Wreath,Not found,2025-09-11 12:23:09.256,,T408144W
https://www.marksandspencer.com/reactive-glaze-stoneware-serving-platter/p/hbp60754438#intid=pid_pg1pip48g2r10c1%7Cprodflag_New,M&S Collection,"Home, Home & Furniture, Tableware, Serving Dishes",Hand Wash,Serving Dishes, Khaki,Standard,Not found,25,Reactive Glaze Stoneware Serving Platter,Not found,2025-09-11 12:23:09.479,,T348728J
https://www.marksandspencer.com/ribbed-fleece-snuggle/p/hbp60749345?color=GREY#intid=plpnav_swatch|pid_pg1pip48g2r22c2%7Cprodflag_New,The M&S Snuggle™,"Home, Home & Furniture, Home Furnishings, Throws",Hand Wash,Throws, Grey,Feel cosy on chilly evenings in The M&S Snuggle™ hooded blanket. Its ultra-thermal fleece fabric traps in body heat so you stay toasty. A kangaroo pocket on the front provides a handy spot to warm your hands (or a place to pop in a covered hot water bottle). Available in three sizes.,Polyester,25,Ribbed Fleece Hooded Blanket,Not found,2025-09-11 12:23:09.685,"Medium, Large, Kids",T471329Q
https://www.marksandspencer.com/bow-icon-tumbler-2pk/p/hbp60749047#intid=pid_pg1pip48g2r5c2%7Cprodflag_New,M&S Collection,"Home, Home & Furniture, Tableware, Glassware",Hand Wash,Glassware,,Textured bow detailing lends a playful touch to these tumblers. This set of two are safe to pop in the dishwasher for easy cleaning.,Not found,15,Set of 2 Bow Tumblers,Not found,2025-09-11 12:23:09.921,,T342833B
https://www.marksandspencer.com/4pk-halloween-scallop-side-plates/p/hbp60751509#intid=pid_pg1pip35g2r18c1%7Cprodflag_New,M&S Collection,"Home, Home & Furniture, Tableware, Plates",Hand Wash,Plates, Black,•,Not found,12,4pk Halloween Scallop Side Plates,Not found,2025-09-11 12:23:10.114,,T341017W
https://www.marksandspencer.com/halloween-pick-n-mix-string-lights/p/hbp60745212#intid=pid_pg1pip35g2r8c1%7Cprodflag_New,M&S Collection,"Home, Home & Furniture, Home Accessories, Seasonal Decorations",Hand Wash,Seasonal Decorations, Multi,"Add spiders, ghosts and spooky pumpkins to your Halloween decorations with these fun string lights. They're designed on a thin, discreet string for easy decorating. This set includes a battery-operated timer for easy use.",Not found,5,Halloween Spooky Battery String Lights,Not found,2025-09-11 12:23:10.302,,T406003L
https://www.marksandspencer.com/cotton-rich-halloween-cat-bag-sweatshirt-2-8-yrs-/p/clp60751288#intid=pid_pg1pip35g2r10c1%7Cprodflag_New,M&S Collection,"Home, Kids, Girls, Jumpers",Hand Wash,Jumpers, Ecru,"This cotton-rich sweatshirt is a fun choice for Halloween. Comfy regular fit, with a round neck and long sleeves. The built-in bag is made in a playful cat shape, with a faux fur panel and a zipper fastening.",Cotton,12,Cotton Rich Halloween Cat Bag Sweatshirt (2-8 Yrs),Not found,2025-09-11 12:23:10.503,"2-3 Years, 3-4 Years, 4-5 Years, 5-6 Years, 6-7 Years, 7-8 Years",T771026T
https://www.marksandspencer.com/halloween-bat-basket/p/hbp60745225#intid=pid_pg1pip35g2r7c1%7Cprodflag_New,M&S Collection,"Home, Home & Furniture, Home Accessories, Seasonal Decorations",Hand Wash,Seasonal Decorations, Black,•,Not found,6,Halloween Bat Basket,Not found,2025-09-11 12:23:10.720,,T407043D
https://www.marksandspencer.com/cotton-rich-monster-sweatshirt-2-8-yrs-/p/clp60753535#intid=pid_pg1pip35g2r15c1%7Cprodflag_New,M&S Collection,"Home, Kids, Boys, Jumpers",Hand Wash,Jumpers,,"With its built-in boucle zip-up monster bag, this cotton-rich sweatshirt is a playful choice. It's designed in an easy relaxed fit, with dropped shoulders and a round neckline. Ribbed trims complete the design.",Cotton,12,Cotton Rich Monster Sweatshirt (2-8 Yrs),Not found,2025-09-11 12:23:10.896,,T883427E
https://www.marksandspencer.com/spider-web-light-up-decoration/p/hbp60745211#intid=pid_pg1pip35g2r3c2%7Cprodflag_New,M&S Collection,"Home, Home & Furniture, Home Accessories, Seasonal Decorations",Hand Wash,Seasonal Decorations,,"Cast a spooky glow over your Halloween haunt with this spider web decoration. Its intricate metal wire frame is adorned with black glitter and creepy plastic spiders, creating an eerie ambience for your festivities.",Not found,8,Spider Web Light Up Decoration,Not found,2025-09-11 12:23:11.109,,T406006L
https://www.marksandspencer.com/-nhalloween-light-up-ceramic-bat/p/hbp60745196#intid=pid_pg1pip35g2r6c1%7Cprodflag_New,M&S Collection,"Home, Home & Furniture, Home Accessories, Seasonal Decorations",Hand Wash,Seasonal Decorations, Black,Add a spooktastic touch to your décor with this Halloween bat. Switch on the LED lights to create a glow from within.,Not found,10,Halloween Ceramic Light Up Bat Decoration,Not found,2025-09-11 12:23:11.305,,T406005L
https://www.marksandspencer.com/cotton-rich-minecraft-halloween-hoodie-6-16-yrs-/p/clp60749422#intid=pid_pg1pip35g2r18c2%7Cprodflag_New,M&S Collection,"Home, Kids, Boys, Jumpers",Hand Wash,Jumpers, Black,Make a gamer's day this Halloween with this cotton-rich Minecraft™ hoodie. Made in a classic regular fit. Adorned with zombie and skeleton Creepers for a spooky touch.,Cotton,20,Cotton Rich Minecraft™ Halloween Hoodie (6-16 Yrs),Not found,2025-09-11 12:23:11.497,6-7 Years,T877994C
https://www.marksandspencer.com/hanging-percy-pig-halloween-decoration/p/hbp60745228#intid=pid_pg1pip35g2r4c2%7Cprodflag_New,Percy Pig™,"Home, Home & Furniture, Home Accessories, Seasonal Decorations",Hand Wash,Seasonal Decorations, Pink Mix,This Percy Pig™ Halloween decoration will bring a cute touch to your seasonal styling this year. Percy holds a 'Trick or Treat' pumpkin and comes with a fabric loop for easy hanging.,polyester,6,Hanging Percy Pig™ Halloween Decoration,Not found,2025-09-11 12:23:11.681,,T405000S
https://www.marksandspencer.com/light-up-halloween-window-scene/p/hbp60745197#intid=pid_pg1pip35g2r4c1%7Cprodflag_New,M&S Collection,"Home, Home & Furniture, Home Accessories, Seasonal Decorations",Hand Wash,Seasonal Decorations, Black Mix,•,Not found,12,Light Up Halloween Window Scene,Not found,2025-09-11 12:23:11.868,,T406004L
https://www.marksandspencer.com/supersoft-faux-fur-cushion/p/hbp60748239?color=SPICE#intid=plpnav_swatch|pid_pg1pip48g2r12c1%7Cprodflag_New,M&S Collection,"Home, Home & Furniture, Home Furnishings, Cushions",Hand Wash,Cushions, Spice,"Add a cosy touch to beds, chairs or sofas with our supersoft faux fur cushion. It's made in a go-with-everything square shape. This piece's fluffy front is ideal to sink into after a long day, and contrasts with a smooth back.",Polyester,17.50,Supersoft Faux Fur Cushion,Not found,2025-09-11 12:23:12.067,,T471128S
https://www.marksandspencer.com/faux-fur-bubble-cushion/p/hbp60756865?color=NEUTRAL#intid=pid_pg1pip48g2r12c2%7Cprodflag_New,M&S Collection,"Home, Home & Furniture, Home Furnishings, Cushions",Hand Wash,Cushions, Neutral,"This faux fur cushion adds a layer of luxury to your space with its soft, plush finish and sculpted bubble design. The square shape makes it easy to style on sofas, beds or chairs.",Polyester,25,Faux Fur Bubble Cushion,Not found,2025-09-11 12:23:12.281,,T471171S
https://www.marksandspencer.com/pencil-pleat-blackout-curtains/p/hbp60544717?color=BLUE#intid=plpnav_swatch|pid_pg1pip48g2r10c1,M&S Collection,"Home, Home & Furniture, Home Furnishings, Ready Made Curtains",Hand Wash,Ready Made Curtains, Blue,"Add the finishing touch to your space with these curtains. The fabric is brushed for extra body and a beautiful drape and has pencil pleats for a smart look. A blackout finish ensures total privacy, making them a great choice for street-facing rooms or bedrooms. Not only that but these curtains are temperature smart, so their thermal lining helps keep the heat in during the winter and out during the summer.",polyester,35 - 95,Brushed Pencil Pleat Blackout Thermal Curtains,Not found,2025-09-11 12:23:12.496,"W117cm, Drop 137cm, W117cm, Drop 183cm, W117cm, Drop 229cm, W168cm, Drop 137cm, W168cm, Drop 183cm, W168cm, Drop 229cm, W218cm, Drop 183cm, W218cm, Drop 229cm, quality, satisfaction, blocking light, material, purchase, price, color, value, lining, appearance",T476080C
https://www.marksandspencer.com/boucl-eyelet-curtains/p/hbp60693098?color=RUST#intid=plpnav_swatch|pid_pg1pip48g2r17c2,M&S Collection,"Home, Home & Furniture, Home Furnishings, Ready Made Curtains",Hand Wash,Ready Made Curtains, Rust,"Complete your interior with these modern curtains. They're made in an eyelet design, making them easy to hang and offering a sleek look. The bouclé fabric lends a premium, textured feel.",polyester,59 - 139,Bouclé Eyelet Curtains,Not found,2025-09-11 12:23:12.736,"W117cm, Drop 137cm, W168cm, Drop 137cm, W168cm, Drop 183cm, W168cm, Drop 229cm, satisfaction, quality, purchase, appearance, price, material, color, thickness, value, weight",T471028C
https://www.marksandspencer.com/pencil-pleat-blackout-curtains/p/hbp60544717?color=CHARCOALMIX#intid=plpnav_swatch|pid_pg1pip48g2r22c1,M&S Collection,"Home, Home & Furniture, Home Furnishings, Ready Made Curtains",Hand Wash,Ready Made Curtains,,"Add the finishing touch to your space with these curtains. The fabric is brushed for extra body and a beautiful drape and has pencil pleats for a smart look. A blackout finish ensures total privacy, making them a great choice for street-facing rooms or bedrooms. Not only that but these curtains are temperature smart, so their thermal lining helps keep the heat in during the winter and out during the summer.",polyester,40 - 95,Brushed Pencil Pleat Blackout Thermal Curtains,Not found,2025-09-11 12:23:12.938,"quality, satisfaction, blocking light, material, purchase, price, color, value, lining, appearance",T476080C
https://www.marksandspencer.com/faux-fur-bubble-cushion/p/hbp60756865?color=BROWN#intid=plpnav_swatch|pid_pg1pip48g2r13c1%7Cprodflag_New,M&S Collection,"Home, Home & Furniture, Home Furnishings, Cushions",Hand Wash,Cushions, Brown,"This faux fur cushion adds a layer of luxury to your space with its soft, plush finish and sculpted bubble design. The square shape makes it easy to style on sofas, beds or chairs.",Polyester,25,Faux Fur Bubble Cushion,Not found,2025-09-11 12:23:13.153,,T471171S
https://www.marksandspencer.com/pencil-pleat-blackout-curtains/p/hbp60544717?color=TEAL#intid=plpnav_swatch|pid_pg1pip48g2r22c1,M&S Collection,"Home, Home & Furniture, Home Furnishings, Ready Made Curtains",Hand Wash,Ready Made Curtains, Teal,"Add the finishing touch to your space with these curtains. The fabric is brushed for extra body and a beautiful drape and has pencil pleats for a smart look. A blackout finish ensures total privacy, making them a great choice for street-facing rooms or bedrooms. Not only that but these curtains are temperature smart, so their thermal lining helps keep the heat in during the winter and out during the summer.",polyester,40 - 95,Brushed Pencil Pleat Blackout Thermal Curtains,Not found,2025-09-11 12:23:13.354,"W117cm, Drop 137cm, W117cm, Drop 183cm, W117cm, Drop 229cm, W168cm, Drop 137cm, W168cm, Drop 183cm, W168cm, Drop 229cm, W218cm, Drop 137cm, W218cm, Drop 183cm, W218cm, Drop 229cm, quality, satisfaction, blocking light, material, purchase, price, color, value, lining, appearance",T476080C
https://www.marksandspencer.com/supersoft-faux-fur-cushion/p/hbp60748239?color=NEUTRAL#intid=pid_pg1pip48g2r11c1%7Cprodflag_New,M&S Collection,"Home, Home & Furniture, Home Furnishings, Cushions",Hand Wash,Cushions,,"Add a cosy touch to beds, chairs or sofas with our supersoft faux fur cushion. It's made in a go-with-everything square shape. This piece's fluffy front is ideal to sink into after a long day, and contrasts with a smooth back.",Polyester,17.50,Supersoft Faux Fur Cushion,Not found,2025-09-11 12:23:13.563,,T471128S
https://www.marksandspencer.com/supersoft-faux-fur-cushion/p/hbp60748239?color=CHOCOLATE#intid=pid_pg1pip48g2r11c2%7Cprodflag_New,M&S Collection,"Home, Home & Furniture, Home Furnishings, Cushions",Hand Wash,Cushions,,"Add a cosy touch to beds, chairs or sofas with our supersoft faux fur cushion. It's made in a go-with-everything square shape. This piece's fluffy front is ideal to sink into after a long day, and contrasts with a smooth back.",Polyester,17.50,Supersoft Faux Fur Cushion,Not found,2025-09-11 12:23:13.754,,T471128S
https://www.marksandspencer.com/pencil-pleat-blackout-curtains/p/hbp60544717?color=BRONZE#intid=plpnav_swatch|pid_pg1pip48g2r22c1,M&S Collection,"Home, Home & Furniture, Home Furnishings, Ready Made Curtains",Hand Wash,Ready Made Curtains, Bronze,"Add the finishing touch to your space with these curtains. The fabric is brushed for extra body and a beautiful drape and has pencil pleats for a smart look. A blackout finish ensures total privacy, making them a great choice for street-facing rooms or bedrooms. Not only that but these curtains are temperature smart, so their thermal lining helps keep the heat in during the winter and out during the summer.",polyester,35 - 95,Brushed Pencil Pleat Blackout Thermal Curtains,Not found,2025-09-11 12:23:13.953,"W117cm, Drop 137cm, W117cm, Drop 183cm, W168cm, Drop 137cm, W168cm, Drop 183cm, W218cm, Drop 137cm, W218cm, Drop 183cm, quality, satisfaction, blocking light, material, purchase, price, color, value, lining, appearance",T476080C
https://www.marksandspencer.com/cloud-fleece-bedset/p/hbp60747756?color=CREAM#intid=plpnav_swatch|pid_pg1pip48g2r10c2%7Cprodflag_New,M&S Collection,"Home, Home & Furniture, Bedding, Duvet Covers & Bedding Sets",Hand Wash,Duvet Covers & Bedding Sets, Cream,"Wrap up in the cloud-like comfort of our fleece bedding. This snuggly set has a carved striped texture that's both smart and inviting, plus a plain, fluffy reverse. Button fastenings provide the finish.",polyester,25 - 55,Cloud Fleece Striped Bedding Set,Not found,2025-09-11 12:23:14.180,"King Size (5 ft), Super King Size (6 ft)",T350067B
https://www.marksandspencer.com/pure-cotton-sateen-400-thread-count-bedding-set/p/hbp60696531?color=DUCKEGG#intid=plpnav_swatch|pid_pg1pip48g2r14c1,M&S Collection,"Home, Home & Furniture, Bedding, Duvet Covers & Bedding Sets",Hand Wash,Duvet Covers & Bedding Sets, Duck Egg,"This elegant bedding set combines a timeless look with a practical design. Each item is crafted from luxurious 400 thread count Egyptian cotton with a smooth sateen, offering a breathable feel against the skin. The fabric is easy to care for, with minimal creasing through the washing process, meaning it just needs a quick press with the iron before use. StayNew™ technology offers longer-lasting colour and durability.",Cotton,59 - 85,Pure Cotton Sateen 400 Thread Count Bedding Set,Not found,2025-09-11 12:23:14.399,"quality, satisfaction, purchase, color, comfort, cleaning, cotton, price, appearance, size",T355855B
https://www.marksandspencer.com/pure-cotton-jacquard-striped-bedding-set/p/hbp60757879?color=WHITE#intid=pid_pg1pip48g2r7c2,M&S X Kelly Hoppen,"Home, Home & Furniture, Bedding, Duvet Covers & Bedding Sets",Hand Wash,Duvet Covers & Bedding Sets, White,"Enjoy the premium comfort of this jacquard stripe bedding set from the M&S X Kelly Hoppen collection. It's crafted from pure cotton with a 500 thread count for a soft and luxurious feel. Our StayNew™ technology and non-iron finish mean this set will look and feel as good as new, wash after wash.",Cotton,99 - 119,Pure Cotton Jacquard Striped Bedding Set,Not found,2025-09-11 12:23:14.708,"Double (4 ft 6), King Size (5 ft), Super King Size (6 ft), comfort, disappointing, quality, satisfaction",T355853B
https://www.marksandspencer.com/pure-brushed-cotton-yarn-dye-bedding-set/p/hbp60749761#intid=pid_pg1pip48g2r8c2%7Cprodflag_New,M&S Collection,"Home, Home & Furniture, Bedding, Duvet Covers & Bedding Sets",Hand Wash,Duvet Covers & Bedding Sets,,"This bedding set is crafted from pure cotton fabric that's brushed for extra cosiness. The design features a pattern of yarn-dye checks with dobby floral detailing, plus stripes on the reverse. Charming tie fastenings add the finishing touch.",Cotton,45 - 75,Pure Brushed Cotton Checked Floral Bedding Set,Not found,2025-09-11 12:23:14.870,,T350073B
https://www.marksandspencer.com/ultimate-comfort-bedding-set/p/hbp60713978?color=CLAY#intid=plpnav_swatch|pid_pg1pip48g2r24c2,M&S Collection,"Home, Home & Furniture, Bedding, Duvet Covers & Bedding Sets",Hand Wash,Duvet Covers & Bedding Sets, Clay,"This bedding set is crafted from 300 thread count lyocell, a naturally breathable fabric with a beautifully soft, smooth feel, much like bamboo. Innovative loops in the top two corners of the duvet cover prevent slippage when fastened to the buttons on our Ultimate duvet. StayNew™ technology ensures long-lasting colour vibrancy and reduces bobbling. These pieces are also anti-allergy, scientifically proven to reduce dust mite allergies. A zip-fastening allows for quick and easy changing.",Silk,59 - 85,The Ultimate Soft & Silky Bedding Set,Not found,2025-09-11 12:23:15.075,"Single (3 ft), Double (4 ft 6), King Size (5 ft), Super King Size (6 ft), satisfaction, purchase, quality, material, comfort, cleaning, appearance, disappointing, returns, color",T353130B
https://www.marksandspencer.com/pure-cotton-sateen-cherry-blossom-bedding-set/p/hbp60615006?color=GREENMIX#intid=pid_pg1pip48g2r7c1,M&S Collection,"Home, Home & Furniture, Bedding, Duvet Covers & Bedding Sets",Hand Wash,Duvet Covers & Bedding Sets, Green Mix,"With its hand-painted motif of trailing cherry blossoms, this pure cotton sateen bedding set brings a romantic feel to your bedroom. It's crafted from 220 thread count fabric that feels luxurious to sleep under, and is finished with a plain reverse side in a co-ordinating colour. The cover fastens with a zipper for easy changing and a neat look.",Cotton,39.50 - 69,Pure Cotton Sateen Cherry Blossom Bedding Set,Not found,2025-09-11 12:23:15.285,"Single (3 ft), Double (4 ft 6), King Size (5 ft), Super King Size (6 ft), satisfaction, quality, appearance, color, purchase, cleaning, material, design, price, comfort",T358587B
https://www.marksandspencer.com/ultimate-comfort-bedding-set/p/hbp60713978?color=DENIM#intid=plpnav_swatch|pid_pg1pip48g2r24c2,M&S Collection,"Home, Home & Furniture, Bedding, Duvet Covers & Bedding Sets",Hand Wash,Duvet Covers & Bedding Sets, Denim,"This bedding set is crafted from 300 thread count lyocell, a naturally breathable fabric with a beautifully soft, smooth feel, much like bamboo. Innovative loops in the top two corners of the duvet cover prevent slippage when fastened to the buttons on our Ultimate duvet. StayNew™ technology ensures long-lasting colour vibrancy and reduces bobbling. These pieces are also anti-allergy, scientifically proven to reduce dust mite allergies. A zip-fastening allows for quick and easy changing.",Silk,59 - 85,The Ultimate Soft & Silky Bedding Set,Not found,2025-09-11 12:23:15.525,"Double (4 ft 6), King Size (5 ft), Super King Size (6 ft), satisfaction, purchase, quality, material, comfort, cleaning, appearance, disappointing, returns, color",T353130B
https://www.marksandspencer.com/pure-cotton-sateen-cherry-blossom-bedding-set/p/hbp60615006?color=GREENMIX#intid=plpnav_swatch|pid_pg1pip48g2r7c1,M&S Collection,"Home, Home & Furniture, Bedding, Duvet Covers & Bedding Sets",Hand Wash,Duvet Covers & Bedding Sets, Green Mix,"With its hand-painted motif of trailing cherry blossoms, this pure cotton sateen bedding set brings a romantic feel to your bedroom. It's crafted from 220 thread count fabric that feels luxurious to sleep under, and is finished with a plain reverse side in a co-ordinating colour. The cover fastens with a zipper for easy changing and a neat look.",Cotton,39.50 - 69,Pure Cotton Sateen Cherry Blossom Bedding Set,Not found,2025-09-11 12:23:15.741,"Single (3 ft), Double (4 ft 6), King Size (5 ft), Super King Size (6 ft), satisfaction, quality, appearance, color, purchase, cleaning, material, design, price, comfort",T358587B
https://www.marksandspencer.com/pure-cotton-audlen-flowers-bedding-set/p/hbp23030690#intid=pid_pg1pip48g2r6c2%7Cprodflag_New,Laura Ashley,"Home, Home & Furniture, Bedding, Duvet Covers & Bedding Sets",Hand Wash,Duvet Covers & Bedding Sets, White Mix,"Bright and elegant, this Laura Ashley bedding set will bring sophistication to any bedroom. It's crafted from 220-thread-count pure cotton for a soft, breathable feel. The painterly print spotlights hydrangea flowers and tranquil greenery. It's complete with a neat knife-edge finish.",Cotton,60 - 115,Pure Cotton Audlen Flowers Bedding Set,Not found,2025-09-11 12:23:15.931,"Single (3 ft), Double (4 ft 6), King Size (5 ft), Super King Size (6 ft)",T458533S
https://www.marksandspencer.com/cotton-rich-stafford-bedding-set/p/hbp23023604#intid=pid_pg1pip48g2r24c1%7Cprodflag_Online%20Only,Bedeck of Belfast,"Home, Home & Furniture, Bedding, Duvet Covers & Bedding Sets",Hand Wash,Duvet Covers & Bedding Sets, Navy Mix,A horizontal striped design lends a striking look to this cotton-rich bedding set from Bedeck of Belfast. The woven 200 thread count fabric is made with modal for a soft and breathable feel. A dotty floral design on the reverse adds an eye-catching touch.,Cotton,85 - 140,Cotton Rich Stafford Bedding Set,Not found,2025-09-11 12:23:16.133,"Single (3 ft), Double (4 ft 6), King Size (5 ft), Super King Size (6 ft), Matching items, :, , ,, ,, ,, and",T458415S
https://www.marksandspencer.com/fresh-and-cool-4-5-tog-duvet/p/hbp60677804#intid=pid_pg1pip48g2r3c1%7Cprodflag_Online%20Only,M&S Collection,"Home, Home & Furniture, Bedding, Duvets",Hand Wash,Duvets, White,"Stay cool and fresh while you sleep under this soft and lightweight duvet. Our specially designed Hydrocool®  technology wicks moisture away from your body, helping to regulate your body temperature, whilst the 4.5 tog rating makes it perfect for those warmer nights. The antibacterial filling helps prevent the growth of dust mites, fungus and bacteria which can trigger allergies. It also reduces odours, making for a better nights sleep all around.",cotton,49.50 - 75,Fresh & Cool 4.5 Tog Duvet,Not found,2025-09-11 12:23:16.328,"Single (3 ft), Double (4 ft 6), King Size (5 ft), Super King Size (6 ft), satisfaction, for hot weather, weight, purchase, quality, price, comfort, value, for cold weather, material",T355712D
https://www.marksandspencer.com/supremely-washable-18-tog-all-season-duvet/p/hbp60705447#intid=pid_pg1pip48g2r14c1%7Cprodflag_Online%20Only,M&S Collection,"Home, Home & Furniture, Bedding, Duvets",Hand Wash,Duvets, White,"Part of our Supremely Washable range, this duvet has a quick-dry filling that means it can be washed, dried and back on your bed in a day. Though it has an 18 tog rating, it is suitable for all seasons. Use the popper fastenings to detach the summer-weight 4.5 tog duvet from the cosy 13.5 tog duvet when the warm weather arrives. When it gets cooler, simply fasten the two duvets back together. It's like having three duvets in one.",Polyester,69 - 99,Supremely Washable 18 Tog All Seasons 3-in-1 Duvet,Not found,2025-09-11 12:23:16.548,"Single (3 ft), quality, satisfaction, comfort, for cold weather, price, weight, purchase, cleaning, for hot weather, secure",T359127D
https://www.marksandspencer.com/ultimate-comfort-10-5-tog-duvet/p/hbp60735552#intid=pid_pg1pip48g2r2c2,M&S Collection,"Home, Home & Furniture, Bedding, Duvets",Hand Wash,Duvets, White,"This pure cotton Ultimate Comfort duvet is silky soft and is filled with special fibres to ensure a forever full feeling and give you the ultimate night's rest. Thanks to its 10.5 tog, this duvet will keep you warm all year round. This duvet also has two buttons at the top which can be attached to our Ultimate Comfort bedding set to prevent the duvet slipping around during the night. The cover is crafted from 230 thread count cotton for a breathable feel.",cotton,59 - 89,Ultimate Comfort 10.5 Tog Duvet,Not found,2025-09-11 12:23:16.727,"Single (3 ft), Double (4 ft 6), King Size (5 ft), Super King Size (6 ft), quality, material, satisfaction",T358392D
https://www.marksandspencer.com/luxury-hungarian-goose-down-13-5-all-seasons-tog-duvet/p/hbp60623883#intid=pid_pg1pip48g2r11c2%7Cprodflag_Online%20Only,M&S Collection,"Home, Home & Furniture, Bedding, Duvets",Hand Wash,Duvets, White,"Indulge in the ultimate bedding upgrade with this exceptionally soft duvet, crafted for both luxury and versatility. Filled with premium Hungarian goose down, it offers a plush, naturally breathable warmth that adapts to the seasons. Use the lighter 4.5 tog or the cosier 9 tog duvet individually, or fasten them together for a snug 13.5 tog option - it's like having three duvets in one. Encased in a 300 thread count pure cotton cover that’s down-proof and beautifully breathable, its gusseted construction ensures even distribution and a graceful drape across your bed.",cotton,220 - 425,Luxury Hungarian Goose Down 13.5 Tog All Seasons 3-in-1 Duvet,Not found,2025-09-11 12:23:16.886,"King Size (5 ft), Super King Size (6 ft), satisfaction, quality, price, weight, purchase, comfort, flexibility, material, sheen, size",T355694D
https://www.marksandspencer.com/duck-feather-and-down-all-season-13-5-tog-duvet/p/hbp22476517#intid=pid_pg1pip48g2r11c1,M&S Collection,"Home, Home & Furniture, Bedding, Duvets",machine wash,Duvets,,"For those after year-round comfort, our all season two-part duvet makes a perfect choice. Incredibly breathable and insulating, our duck feather and down filling provide a luxurious touch, while a pure cotton 233 thread count, down proof cover gives the duvet a super soft feel. Made up of a 4.5 tog and a 9 tog to adapt to the temperature, our duvet can easily be tied together to create a 13.5 tog duvet that’s designed to keep you all snug and warm throughout the cold winter months. It's like having three duvets in one. Our duvet is  also machine washable making it super easy to clean.",cotton,75 - 115,Duck Feather & Down 13.5 Tog All Seasons 3-in-1 Duvet,Not found,2025-09-11 12:23:17.070,"satisfaction, purchase, quality, price, comfort, weight, value, for cold weather, for hot weather, versatility",T359873D
https://www.marksandspencer.com/pure-wool-medium-weight-tog-duvet/p/hbp60615596#intid=pid_pg1pip48g2r21c2%7Cprodflag_Online%20Only,M&S Collection,"Home, Home & Furniture, Bedding, Duvets",dry clean,Duvets, White,"This medium-weight duvet is the perfect bedding to take you from season to season. It has a pure wool filling that helps to regulate your temperature, keeping you comfortable as you dream. The cover is made from pure cotton with a 230 thread count for a soft feel and enhanced breathability. Made in Great Britain.",Wool,95 - 160,Pure Wool Medium Weight Duvet,Not found,2025-09-11 12:23:17.279,"Super King Size (6 ft), purchase, satisfaction, price, quality, comfort, weight, for hot weather, cleaning, for cold weather, controlling",T354565D
https://www.marksandspencer.com/luxury-hungarian-goose-down-4-5-tog-duvet/p/hbp60623882#intid=pid_pg1pip48g2r8c1%7Cprodflag_Online%20Only,M&S Collection,"Home, Home & Furniture, Bedding, Duvets",Hand Wash,Duvets,,"Drift into restful sleep on warmer nights with this lightweight 4.5 tog duvet, filled with sumptuously soft Hungarian goose down for a touch of everyday luxury. Encased in a down-proof pure cotton cover with a silky-smooth 300 thread count, it’s naturally breathable, cosy, and irresistibly comfortable. Thoughtfully designed with gusseted construction, it offers balanced warmth and a beautiful, natural drape that elevates your bed’s look and feel.",cotton,130 - 230,Luxury Hungarian Goose Down 4.5 Tog Duvet,Not found,2025-09-11 12:23:17.479,"weight, purchase, quality, satisfaction, for hot weather, price, comfort, small, returns, disappointing",T355690D
https://www.marksandspencer.com/simply-soft-15-tog-duvet/p/hbp60705446#intid=pid_pg1pip48g2r19c2%7Cprodflag_Online%20Only,M&S Collection,"Home, Home & Furniture, Bedding, Duvets",Hand Wash,Duvets,,"Stay snug as you sleep under this Simply Soft duvet. Its 15 tog weight provides excellent insulation for chilly nights. When it's time for a freshen-up, you can wash this piece in your machine and dry it in your tumble dryer.",Silk,32.50 - 55,Simply Soft 15 Tog Duvet,Not found,2025-09-11 12:23:17.718,"satisfaction, price, thickness, for cold weather, quality, comfort, value, for gift, purchase, refund",T355805D
https://www.marksandspencer.com/mulberry-silk-6-to-7-tog-duvet/p/hbp60749380#intid=pid_pg1pip48g2r5c1%7Cprodflag_New,M&S Collection,"Home, Home & Furniture, Bedding, Duvets",Hand Wash,Duvets, White,"This duvet is filled with mulberry silk, prized for its sumptuous softness and natural temperature regulation. The six to seven tog weight makes it ideal for year-round use. A 300 thread count cotton cover adds a smooth, silky touch, while the diamond-stitched design ensures the silk filling stays evenly distributed for consistent comfort.",Silk,150 - 200,Mulberry Silk 6 to 7 Tog Duvet,Not found,2025-09-11 12:23:17.908,"Double (4 ft 6), King Size (5 ft), Super King Size (6 ft)",T356160D
https://www.marksandspencer.com/ultimate-comfort-pure-cotton-7-5-tog-duvet/p/hbp60756811#intid=pid_pg1pip48g2r6c2%7Cprodflag_New,M&S Collection,"Home, Home & Furniture, Bedding, Duvets",Hand Wash,Duvets,,"Indulge in the luxurious feel of hotel-style bedding every night with our Ultimate Comfort duvet. Designed with a versatile 7.5 tog rating, it delivers just the right amount of warmth for use throughout the year. Crafted from soft, naturally breathable 230 thread count cotton, the cover ensures a cool, fresh feel while the advanced forever full fibre filling keeps the duvet plump and cloud-like night after night. Two discreet buttons at the top allow you to fasten it securely to our Ultimate Comfort bedding set, so it stays perfectly in place. Made in Great Britain.",Cotton,55 - 85,Ultimate Comfort Pure Cotton 7.5 Tog Duvet,Not found,2025-09-11 12:23:18.092,,T358883D
